SeasonalFactor,TimeOfDayRush,WeatherSev,PassengerVol,TrackIncident,InfraFailure,SpeedRestriction,HubCongestion,DepartureDelay,ArrivalDelay,CompensationClaim
-0.571729217128757,-0.6080061647300042,-0.6215686319598356,-0.19345583668394173,-1.2540903260835592,-1.196503729048609,-2.410893692596653,0.9285751269629295,-1.296007866215611,-5.092491439824566,-12.855961920341779
-1.3779489737385424,-0.09971118060637377,-2.2302108425142,0.5514126944632092,-3.425061419599424,-5.0732144273656425,-7.022360586461576,0.27432044768284536,-6.303400937461225,-17.264191863273414,-42.67603675067482
0.6725406900953875,0.475086775366409,1.3095920820638698,0.5661441844733344,1.7414576743429988,3.1097754695091377,4.215570074313721,-0.19916249888770438,3.853997736190739,9.354881562677477,22.422609650383105
0.032862599682017546,-1.0709070546006019,1.1433816179983471,-0.7569663806120605,2.050311086467559,3.004316864255797,2.9807184812802117,-0.12138243274994054,3.6449869339042826,8.241409099495797,19.829555344727982
-0.04537101035624595,-0.6026102560383103,-0.8619961583574294,-1.1131449510130227,-0.11971453695787537,-0.8969457022427842,-0.9007566691218871,0.8516146594056673,-0.27515405404057636,-0.6407184590964043,-1.8964847977766406
-0.6196605365263502,1.1920464368506827,-0.793861026259937,3.1029154161824715,-1.6959559156450204,-2.76578829766373,-2.3348785361912903,4.29918082608932,-4.73341234086512,-8.040432781593871,-19.185577571572505
0.8242267717427728,1.9888841269494024,0.6224838836606683,6.704606987475724,1.304826970689493,1.9253031281236588,2.7234803657306204,22.022814621394893,48.31879699805072,52.16116676243244,130.72082892534985
0.7935882911044728,-0.43181441022660244,0.7225344438860344,-1.9274756591190585,0.9107365285572242,1.2541193254315073,2.018739423705735,1.685717652344236,3.9405772468272438,7.19365686330305,18.043613232282645
0.015599269677148137,0.5905593515203615,-0.0072235689560007435,1.7485196251421156,0.30279293763589044,0.7297057750952957,0.46214513298108084,0.38097506076877496,1.8187218335026354,2.6340964390974433,6.269712339049921
0.9821293111272195,0.24813899887340607,1.5195875653154551,0.8027148336040939,2.0384471521050913,4.1024475007379255,4.333736205767255,-0.5124091832858932,3.307096151270175,9.86719841335903,23.956041457464586
0.04444467339201349,0.5576918382596118,1.4257730435732983,1.2693951994390955,1.9426706974414305,3.5404110162741707,3.805410874618514,1.3060482803151976,8.42546508348745,14.596648543672039,36.31286107310248
0.6138991441447583,-0.984245440321634,0.3608277627390788,-2.080533222546249,1.0023925510849172,1.6211649304258657,1.8073834440207197,2.6988409549115993,5.932948603653346,9.36567337863554,23.557371496626097
0.611450431945067,0.4728072661779936,0.961980284663442,0.8554219392319256,1.193924470501775,2.364489516095272,2.3972234772176733,1.2936558992093845,6.013878038649411,9.44110293167292,23.847793130705156
-0.46208707360923146,1.1980756562389776,-0.7188865225029741,3.567984132526856,-0.5477357963448588,-0.6501366313715214,-1.2572686435701428,6.371764414550699,4.558249550458642,3.2098950907200416,8.180511791316507
0.24230015771248187,0.07652350936057169,0.20105787834585268,-0.22598988101507372,-0.02900880755424845,-0.10426018482713584,0.07400912255643012,1.1729015481238099,1.5294101117719727,1.8463746419144123,4.97916321740323
1.278338229880797,-1.6000442412949316,2.2604211275054835,-2.3397936771248626,2.9203820777546543,4.74900844817011,6.211796637242448,2.2737810312949933,13.71288182802879,23.894247986841354,60.33853048598336
0.5296667633690743,-0.9232388171774615,1.1886612286989946,-0.5345894431106509,2.1060216486386265,2.664302411660183,3.0938199411861365,-0.38765695060538896,1.5502824336929932,6.080591511908006,14.287426543456052
1.2691433406889068,0.06849340513156754,2.199201625476945,-0.6072290645719275,2.3021899889587907,4.020598143908652,4.884758920154722,-0.15282140083219548,4.079625395266533,11.147704061670854,28.35709410837201
-0.6790781847578027,-1.6802024373174225,-0.8210909483889596,-1.23339171228232,-1.5633951867996125,-2.913077157379205,-3.2229044368045,0.6198374288478847,-4.2573260032178615,-9.097528012335244,-22.587390427860804
-0.17640318519748163,1.1067823847961307,0.28757791288259954,2.98432137566053,0.3615308394591022,0.6136532410411519,0.5413293835109826,4.027787840501138,6.146268551584874,7.587564392903218,18.936691466191906
-0.3842081252279269,-0.02114571253303848,-1.0410980773097427,0.5350055440543497,-0.8871312741288975,-1.1092695508002113,-2.5017271531164726,0.1693676873026113,-0.8607498964355493,-4.176079297649836,-10.861260015090624
-0.27487315471592705,0.6584566484037377,-0.9091973964576245,2.2949505356183613,-1.2258632297607133,-2.395511414144272,-2.6098707063371154,2.1671595304433935,-4.100303323758064,-8.07513378104234,-20.02977093658976
-0.3264506922116111,0.3633029360842216,-0.7436840954067834,1.4184707953334108,-1.3964409200755126,-2.2849860470032985,-2.742904120126847,1.0581270262206603,-2.345770897993129,-7.302757925221366,-18.123910585497487
-0.39232227654207097,1.366831070609089,-0.7910953996554708,4.071264872456645,-1.2101029211490124,-1.15989521339878,-2.8040111928717373,8.995702131846716,2.629191675559802,-1.4441995762378756,-3.4891854649458973
-0.4439486894932471,0.7357301481271603,-1.1944962559094554,1.5475175981933247,-1.095799999283908,-2.14547643724616,-3.3814436291909744,1.49667626443521,-2.840897231666659,-7.678059171274538,-19.452853076297924
1.526604587500715,0.8125066216297478,3.1590947955233513,2.4832870666990603,2.9789194714566043,5.969433401943765,7.492606800799837,3.7146880732527023,22.93546006809287,34.027682562090604,85.1697476086313
-0.3205008243090279,-0.7132995637976945,-0.20640041141280896,-1.237318379007075,-1.251709267660791,-2.036445729426407,-1.0472948783067333,0.49866412498558643,-1.7228488803289248,-3.3317729275155576,-8.884418474082661
0.9106829908795194,-0.06016061433618065,2.349569854305788,0.5909521091515832,2.4567303007829397,4.475786465719509,5.924339216744086,0.21638608096867637,5.950449740214902,15.439087538859036,39.384270902800466
0.6498723688206418,1.5890833505824515,0.7888081236009394,5.386259202730593,0.9202296703785755,1.7462352801299712,1.4074281824101398,14.39747417490148,30.243007065319787,31.57044823010088,78.30988805364893
-0.49289840606616436,1.460472101080798,-0.09964415615665712,3.4035030140965277,0.21060238183676644,-0.3239567339189684,0.023027939391357666,5.303681211538775,5.356724677524397,4.96613077666295,11.652385661307456
-0.3314827459172307,-1.4388673066166866,-0.33029887348435094,-1.880864461166392,-0.5718291416009992,-1.2788600436518913,-1.7821245682904632,2.521660507578458,-0.5133491507144192,-3.3448178611506947,-7.675436885135715
0.32121471380836536,1.3026170444448484,0.3077747572853079,3.9642338081041637,0.8096581268643204,1.22460638518804,1.5012952182724872,7.667335191228731,14.408171875954972,17.809962403945228,44.88797584362051
-2.1229136362455243,-1.0422159771027526,-3.5877751416561225,-1.4870647284174143,-3.7318353888185793,-7.456650166027838,-8.27558242743584,1.2200408189513807,-12.72193916382141,-24.932122195407295,-61.65835208176013
-1.3675283297861345,0.37288257904499983,-2.5027543684131075,1.2293886771794629,-3.236747539263623,-5.1208215720576336,-6.957089253208454,1.318664277066652,-8.179494941751935,-18.743313785503084,-46.9946743235057
0.7181485800044786,-1.6493986922328232,1.4871739170469451,-1.5241010934364296,1.583875934105479,3.8731114937462676,3.0837337249116086,0.7390554690689035,7.006660023614336,10.812979424351209,26.79902234172479
-0.547534471289305,-0.4044232984123662,-1.2362444145493132,-1.4237724888684458,-1.2115899238110233,-1.8187657518940972,-2.345116995059068,1.8382423524133151,-1.642217740858529,-5.493727273008307,-14.265964510923254
-0.13004371810729332,-1.6511351740944429,0.7804894488845213,-2.4514393546957374,1.1840984744997156,1.5133033395309676,2.539845048501537,2.418933231865038,6.230745701476665,9.633419807888282,24.0407766020207
-0.5078828726711002,0.21403980170290363,-0.4128431068015306,0.5376457610829659,-0.6577680537570212,-1.1904011217263926,-0.9965794184805468,0.6551424569811529,-2.1446462943544797,-3.050432904327658,-8.637835237159429
-0.759966333807832,-1.136008697516086,-1.3944351286826413,-1.235303097466137,-1.8322653702561653,-2.7616533593256882,-3.558655814895784,0.7304722471799117,-3.4136720343030835,-9.099748103461762,-22.98294909841761
-0.5606501379418758,-1.0079948499714675,-0.42589816921543067,-2.0829129534442483,-0.47523075255347297,-1.6445375811298701,-1.1482899806335285,1.2314056777583837,-1.7309797853075626,-3.5144975672239025,-8.851582935286388
1.1880467303564213,0.3808262168916794,0.8015233965734818,0.9290602729511047,1.0984073010339472,1.9530222719675714,2.804459222659872,0.9447861330830325,3.414384055268398,7.487883620450925,18.817164507690027
1.4722393910806875,0.8705153611303456,3.159932519433803,2.764373824614103,4.1057895278387795,7.55862533995715,8.553372165271231,4.050337940516437,30.047887884704153,42.955773731350455,107.1520502432664
0.2412045832624267,0.6190871669923599,-0.13050680324267894,0.3805705712168672,0.14733238637647708,-0.23656333486807513,0.08336718722473072,0.041396955935357624,-0.28758820082004893,0.2956274422243251,0.8797554745292967
0.7090541718019358,1.6805306046188884,0.5789124231147613,5.205210692200941,1.5325881674523345,1.8638157777477031,2.314810783062531,13.694758451028195,30.088092938666257,33.747393082181034,84.08845039978844
-1.2955338923718902,-1.265222706097743,-2.2201569392588087,-1.4552984704563057,-3.7476346033510373,-5.611979000495553,-6.721967879781548,1.2997013010372807,-9.153412144585923,-19.278461864827566,-47.712579752875314
1.1886783213820182,-0.9891957695171252,1.0895004943099056,-0.9760662039348265,0.7992484009455452,0.7458845896254256,1.204757932455394,0.7239857201472235,2.537773985965044,3.819148427067306,9.476803832327384
0.9331263988669326,-0.25584328878422113,0.7917109102557003,-0.9941838597678035,1.2507541702054517,1.472572074715726,2.415502212799907,1.3577256673256746,4.719076930615033,7.936183910201649,19.596199869665785
-1.706802058417656,0.480970715758119,-2.255096031150571,1.0964072994433969,-2.592682545914485,-4.201703275853726,-6.09179777822859,1.893006292373099,-6.516978598856296,-15.544419905610082,-38.89471479688288
-1.0461203424227472,-1.1527169503093626,-2.2868034593131417,-1.8721489050683828,-1.6909738893752286,-3.893188532755126,-4.736093324785971,1.3659936500008574,-6.279258419650102,-14.08100627921372,-34.99689053701292
1.863164130518403,-0.6051238355979728,3.199942242781704,-0.36321649591919325,3.4713768751879623,6.468422360718602,7.146479068779152,-0.5200172162714597,4.8747774922688345,15.461609242889377,38.636339629863684
-0.1786451571869481,-0.18162188692751388,-0.9801089027537448,-0.6509929504862801,-1.456137925414526,-1.9805957424481522,-3.003488840651734,-0.820269715075632,-3.072186164132672,-7.843133553114101,-20.11530630650678
-0.5183122649121262,0.5563205714015099,-1.0263493743865486,0.6772801796314895,-1.5530820836764425,-2.748610692067794,-3.125458065546085,0.6481200869981606,-3.0667485974252537,-6.925353181982726,-17.01970024777311
-0.2575664562173055,0.40958831484691316,-1.3935019400303421,0.8072731641563399,-1.7293803987065772,-3.2109007885919634,-3.0410427190502856,0.3210530136600458,-4.044369238855575,-8.265646235312083,-20.67990861742201
-0.21146042256321954,-1.6033862312987066,0.42277971036556344,-1.320479288485389,0.3026601057809363,0.29260775207551726,0.07490648205419359,0.9255262388321064,0.8760346504278445,1.3488808669522672,3.921661709504492
0.6154750236862121,0.19788509006068858,1.1015036919673615,1.1928450007096518,1.1231537359148438,1.6554616866664733,2.819038074974881,0.11373287090463624,1.6238515938055853,6.216127675644221,15.825092496378867
-0.9753632279278861,1.2097671336211195,-2.1511613570520103,3.787157901602539,-3.3345561950458347,-3.710412260717687,-5.855876123467677,6.9348385474243015,-9.121658098847687,-18.29826559560625,-45.79858021182955
-0.7888056891280303,0.9244512527353324,-0.7177922129084825,2.17158848671791,-1.1901107694527642,-1.5416334368473845,-1.567785930434598,1.5709144647988285,-1.151623812389198,-3.755443091322342,-9.778791940607368
1.2388748137967664,2.214419067396802,2.073273931419575,6.735827107289253,2.2576180612020225,4.528864205292754,4.967776005233211,22.118765154331534,80.29149174317224,87.33438795074483,217.34726483847723
-0.9153026241076994,-0.400181453116383,-0.8315246463550868,-1.224269762818599,-1.0774175484259465,-1.8667435704695416,-1.5271457114244096,0.8333351049884195,-1.5107823263645797,-4.854437978543441,-12.087007428228315
0.4264771968925845,0.02789862095795443,0.8520150786581429,-0.4840584208078745,0.7226904436401731,1.8174819055908147,0.9036500703294325,0.4070992603720467,2.812714648468988,3.290476379136295,8.193635231490445
2.777742332898348,0.9850358063401335,3.6842330820944595,2.3425167274931344,5.105161764995383,9.023418625758016,10.124671987131393,2.5051596978780455,24.975984624570565,39.745962483896186,99.37624962602608
1.188608304622398,-1.577357262776122,1.113773691424616,-1.732645846156704,0.5416519022420349,1.5828777398611287,2.2986986451817515,1.6111617689577513,4.102664735289477,7.5401327151516195,18.69735594332607
-1.0441930482019657,0.1493755503938207,-1.6691103363220083,-0.5376236669072363,-0.8793712025217713,-2.070546809658651,-1.8089429447305705,0.6777007365806593,-1.5665755214866524,-5.880732205916346,-13.886374957845172
-0.7661888013419272,-0.037649123303299795,-1.0967694516531057,0.40878180178116064,-1.9240402559230836,-3.3525907664864274,-3.4269838471898346,0.07480713988400979,-3.7029570225933743,-8.979717613950642,-21.691911900493988
0.4332393567059587,0.6100297823160011,0.08237066404631199,1.9014265339461087,-0.4280335501179923,0.40708871048513484,0.060720460440205404,1.8045683627885172,2.351196074428657,0.915717275288483,1.9370862399075932
-0.9175464286243052,-0.07408325619728034,-1.5637467907216485,0.2549421897149673,-0.7740294993419197,-2.44821110637292,-2.0885598832263312,0.11392136938138786,-2.3172822599388248,-4.147627778768884,-10.907691337191322
0.11404384759189795,1.9522560015375545,0.33062030062065273,5.661508968423387,0.05162122338993935,-0.1537086320970612,-0.407094332302723,15.545523435107087,15.817648219031666,14.806805488227752,36.61471222519958
-0.007185987864828078,-0.3834160015712947,0.809264481953822,-1.006842437109908,1.0606941573027522,2.1073966619999434,1.6554549950562105,0.7988657363722739,4.424083163105477,7.520071492235544,19.756132205217202
0.7655343179932673,-0.08191563142619235,2.071656615987253,0.4351477811608439,3.233578115203942,4.526282142059651,6.561105713044994,0.5252257996671764,7.659819177094683,18.083658440999198,45.887126106731756
-0.12657632194068746,-0.4441091439261995,-0.40648532884407196,-1.4585098235177336,-0.03063405761400645,0.05231681972369845,-0.2405336677735684,0.6560506575808321,0.8278442463482967,-0.127454087678458,-0.532878481274372
0.5783188407837031,0.6445151965715329,-0.05665157165023704,0.778160203498308,-0.031636607632966836,0.7635664568489579,-0.008138310622285691,-0.19250167677531194,0.613220949961308,0.10615133692546097,-0.46028315298597744
-0.09250175359101658,-0.4802871792458526,0.10431954004251484,-1.1567916871683028,-0.6454669770891832,0.11219363144759464,-0.9747003639677674,1.5035436791563668,1.4810614961549122,0.4475146172176547,1.3848173822143386
0.1155403482279507,0.39134143358987084,0.3881097688865106,1.5954145369346855,-0.2935229179143567,1.082731352349235,0.04934026001015064,0.9627241318446565,3.271623708167749,3.271585291114776,7.719855554639203
0.5653921734861886,0.002791998821143761,1.0584991050228558,0.3328781062439414,1.215653957043654,1.86975273980249,2.67868472692098,0.7677304412789486,3.349697497163375,7.1741893444916025,18.047993606648113
-0.8414825532755743,0.20020705410258874,-1.6444622081490357,-0.5944798094150452,-1.5010618054900335,-2.1131225715943,-3.466714757979473,-0.34514616861367436,-2.447791313111172,-7.815810476859649,-20.128175077043213
1.6489461900303242,0.5345980778664284,2.4513378998305217,-0.22228736535495064,1.8751964299857502,3.5180038935747424,5.161903226687335,-0.8735411096235665,1.9176195645842615,9.083910993807452,22.600027759283414
-1.7326483634491308,0.6276385252801583,-2.295751166842291,0.9516042446235135,-2.62914168408646,-5.636195353034454,-5.392980611158499,1.4472419732154767,-8.868014090841312,-17.006693518011453,-42.8189755521296
0.46803989641606497,-0.11798725160233667,1.6091768545649885,-0.1398168344449605,2.9482978473158297,4.105720229901344,6.615114265312972,-0.03161171556689654,5.478251974796413,15.47885129057495,38.46511765760336
0.6014636860971511,0.8097913717915964,1.2602219258412974,1.9290289580890136,1.5314926022915691,3.0237014144906005,3.542205325278154,2.1829200043262977,8.65127838142702,13.796479011785898,34.56410233404593
0.9051747026423058,-0.8198673259477202,0.9695407475899251,-1.1343117184995652,1.783661692571623,2.5700617377357915,3.5005738843279057,1.2206671673390284,5.001867267965162,10.560559841797199,26.420325275624467
0.4395243138399378,-0.9138777830016935,1.1815683866274496,-1.8538816030627217,1.4668971812063711,2.7632295453806717,3.4968263700332884,2.1215175454147137,8.374636391191036,14.019169263478371,35.34029191524279
-1.24338885617075,-2.297696635276504,-2.3843606440634826,-1.3612865152121316,-3.603251641767327,-4.620118971628641,-7.368098387708364,0.4485987172147071,-6.412646139626876,-17.478367192099917,-43.65916329313424
-1.5448115805586753,1.9666350287369125,-2.2708454235648254,6.645103176683637,-2.914418715632354,-4.340683757466045,-5.542613197842785,22.155726321773006,-29.81565730237107,-39.03736113414393,-97.72248824624319
0.2226900824880314,-0.6652589861697121,0.43490303442813344,-0.6173173989765797,0.3672188165685851,0.7453689932852918,1.705435966712976,0.3277747285788848,1.4497032595261767,3.838929426622624,9.252522832169921
-0.1690807645162932,-0.6623607152546616,-0.6493372184880402,-0.3982374945532581,-0.7376812711194548,-1.3155957963838865,-0.9464894889518058,0.12499582036471824,-2.2155642990133897,-4.4583408532911335,-11.355564569586498
1.2699979202852247,-0.06002179207964799,1.761091865806622,-0.2400390049918483,1.6796320903680206,3.209858633497774,4.280765260750492,-0.3013167662396227,3.128975823193701,10.571724826361011,26.80458523985289
1.0056146840244555,0.05138233198753199,1.469342697631073,-0.1447559874795957,1.5127413555453921,3.2297569063863567,3.0620902846803575,-0.13495433069541213,2.7031845716981224,7.190877090552154,18.275831630710115
-0.3083968681386945,0.9766429866477788,-0.4437727939816333,2.0014422722661265,-0.5429536485003627,-1.5356072907267762,-1.157422723761782,1.7815909944438852,-2.020335318371988,-4.704738850699742,-12.484132339483873
0.6482355273253783,0.4267744982385052,1.3644198418923559,1.0497300348513898,2.5133088513755766,4.114130836155389,4.249793886557033,-0.030730477430835457,4.866939506712815,11.271291404167622,28.329957487509656
-1.4242340314581896,-0.4599487891381113,-1.799619417466347,-0.6542129961804592,-2.895221651386481,-4.455730624128757,-5.481146955327437,0.29689417552028785,-5.825445723724502,-15.573217488791654,-39.48384443343269
-0.1674174470272449,-0.058810571632792345,0.1926609408557171,0.604391383979402,-0.4256377610613232,-0.2573243297955402,-0.7722912740641714,-0.346446801749999,-0.6698285989826829,-1.8784373092712345,-4.501814008379021
0.6418229944565791,-0.4864599677896023,1.7125889541519457,-0.27170125267262146,2.2045309827726016,3.2316462511362505,4.773969206727459,1.0210018619348524,6.481894924936079,14.376308243093117,36.165632595877064
-0.03263004565094103,0.11087295520351947,1.0638127719868355,0.5821480399415668,0.7605278615293403,1.7579515286648837,2.186074307516173,0.15910384416602624,1.8101606248642719,4.747175930025591,11.340643855746523
0.04189631884900621,1.159524971015948,-0.13955303943421257,3.142801581144139,-1.116142672713967,-1.3138038963224308,-1.6705111424628747,3.8200138086914,0.7804232093979436,-2.0439597923161354,-5.29834940332264
1.0828766979580404,0.5033638444522319,2.4140759115082724,0.796166392256762,3.3079597645713266,4.988810300894194,6.317185032227428,-0.060597200160764586,5.9512517322150895,14.482320614765907,35.80991658672292
-0.9576502063690704,-0.12922829086433113,-0.9242609197531851,-0.8462994738920947,-1.2280437811141005,-2.3988221789151143,-1.9488392472559217,0.13688083531098363,-2.284905585313933,-4.836470809693728,-12.090090028552348
-1.8184019198207682,-0.21542338541368583,-3.440439591027023,-1.0222445125020576,-4.667912814872955,-6.326681058436119,-9.879136467113298,0.617582009574799,-8.825905029878554,-22.78713581827656,-57.30123357798331
-0.48878350516508823,-1.1527897839661323,-0.8585144251256885,-1.4382785300481604,-1.2616699861930725,-1.8071811084355371,-1.919159121302012,1.0980639006856179,-0.837948866484955,-3.113054993707071,-8.368353948693784
-0.20725884197243152,1.0460773544557127,-0.7375285286452067,2.331904117229805,-1.3077604448731104,-1.95991279492226,-2.470981020318608,2.965542869190306,-1.84454761626071,-6.1454255491820495,-15.569839947962969
0.1973081579146383,1.97489570190538,0.6394102093209053,5.601078712958521,-0.080089569239713,1.2365146448615811,0.09894126057634023,15.49522203758802,28.625142960486595,28.841365879633003,71.80855408053515
1.5023439799272824,-1.6834694904929564,2.298216407450313,-1.409127332107419,3.1448710554482577,4.584094856371185,6.773491210595181,0.6862562568975654,8.124319889804562,18.191013143789792,45.42667264940162
-1.060871359690062,-0.9901123257687182,-1.9086130645846868,-1.5815197357264605,-2.0893924634956167,-3.3434647002013165,-4.4211134776951555,1.1078797178668995,-4.70729814776526,-11.037478359661142,-27.96513011822646
0.4440635117853886,-0.599091126353146,0.9193985140862784,-0.25653256691822846,1.9736300191247622,2.164460253716424,3.0085499780645923,0.8074209809172015,4.223488903060198,8.328282066886056,20.846858177158794
-1.4348405629711711,0.36744714587051136,-2.0831840347989123,0.39380295779139346,-1.918534574928996,-3.486315150978753,-4.327362859948398,-0.15224464570748805,-4.020798506185663,-10.00902287892008,-25.45196239556781
0.9607957046629917,0.3574709693777694,1.4674808082224948,0.5774751606895284,3.0681877495870817,4.6823666350059785,5.262407661787022,0.5529456485152091,7.644658680646174,15.076709626092422,37.069359615991594
-0.7103783746880523,1.3612307720897596,-0.7737456068511059,2.9479790205125647,-0.6435873010360442,-1.687342414053266,-1.035455882816668,4.672111531937739,-0.5218612820059946,-1.407537922383614,-3.0633841899274126
-1.7880785762489801,0.07466969923780699,-2.1198135380804377,0.4484019048808374,-2.550729260250575,-4.867107348473538,-6.5625011389532935,0.5098630334003861,-7.259585244791232,-17.18862343936523,-42.97967255924467
-0.10763244171289084,-1.2798355723694712,-0.3609278833510815,-1.3906078569567795,-0.7384733816913205,-1.6236822744173183,-0.9326853744118437,0.41893993500420657,-1.641428192620499,-3.0981214191935376,-7.53125012583538
0.7962234332923571,-0.40731534784383067,1.118332211519954,-0.12380072325925395,0.6187434495636939,1.584807731036285,1.5791333894918191,-0.66769051865311,-0.5079780721839204,2.192507309797631,5.719581997326785
-1.8073729066105857,0.48556792777302665,-3.5305333254266715,1.3880913332717975,-5.734493307969252,-8.917565919391876,-10.706612181199338,1.1731751555067635,-14.27870344774855,-30.026448007257184,-75.71549144665413
0.7617471738634582,-0.7323457393642823,0.8871601671529563,-1.1062517538556633,0.5797753763936768,1.785312137171554,1.2183378105828182,0.4917573998488645,3.2563613500740685,4.8722811885867,11.90064753608475
-0.6095539908907639,-0.9214491601567096,-0.4059146594269777,-0.6390153628519115,0.2598091285884029,-0.0731250206508531,-0.7648712198379874,0.7208857682499528,1.5062845113866512,-0.0015959287254618815,-0.2520199959049133
-0.3328351380422037,-0.8531443411937888,-0.560254431150734,-1.5716762597627576,-1.3092736578810835,-2.1544816091973416,-2.4289568280062195,1.5894843052003256,-2.1930893699816445,-5.6268407528406925,-14.06004651413721
0.8415101354285766,2.377945974854794,1.9384907526061563,7.320514088062091,2.6034617941040903,3.9655674626362623,4.84545457827422,27.23976243208031,88.71705815961926,96.83880241020215,242.22736762885756
0.15106383369083676,-0.8274815736735213,-0.026637583297304646,-0.7777867236973224,0.7082885765586606,0.1935698537400431,1.330568921779074,-0.6636245031999001,-0.538521987433768,2.778799186651911,6.976130283441974
-0.3693518114850833,0.0248443663950418,-0.8642993083615667,-0.5059488884905292,-2.6001143120897705,-3.015360482056195,-4.214976068140625,0.21835490764307552,-3.6418416731024825,-10.142211114090028,-24.88253743630274
-1.8931898003893077,1.211446267784238,-2.037503900375009,3.3978928944607945,-2.180190781435778,-4.012349696635933,-4.145831611542944,5.936566765863539,-10.194584333065007,-17.244826614791116,-43.70727248998177
-1.7800327001240044,0.15697845639995195,-3.0437316676478394,-0.19182100726477785,-3.70951638253803,-6.750334140892194,-6.946775819624626,0.0459648885472997,-8.661215169058584,-18.57863584142472,-46.29545308273833
-2.1193549720228324,-0.3725664234345342,-2.2090444516440413,-0.8262577281348413,-3.0461640072738825,-4.812867666805804,-6.10769258099378,0.08923835619143633,-4.503191528009339,-13.256317520546236,-33.06506823742076
0.49848702915155524,-0.8810521613618345,1.248463521417991,-1.0027227811787875,1.721597624568383,2.8274890912183253,3.9191385247287336,0.3458271244847366,3.27139916234077,8.985700858202822,22.617796302540928
0.5435325217927386,1.2277718704975342,0.9735453566300523,3.0528757957394577,1.155846079672169,1.464369736869255,1.8198250269367584,4.613553446001926,10.270104050650911,13.112414106971089,32.827585750067364
0.2765873157371124,-0.6896699548954007,0.8249055447030996,-1.1256829382130997,0.5603868410434538,0.7806321745501319,1.486053438967936,1.105109877982072,2.301512816512311,4.861152803793761,12.737454105843561
-0.16605360280552373,-0.6517290067743624,-0.3074302632577458,-1.3271815312141344,-0.4112149812388458,-0.24206443433653907,-0.5571258698807167,0.5344085310418545,0.28961743853990385,-0.438753370722658,-0.8966195694738729
-1.6710212690130384,0.5646416352092921,-1.5145938872669746,1.5775664693309925,-1.4195641732551274,-2.6020495994629367,-3.2941392693635096,1.3514007702732587,-4.495812252363916,-9.104626908715145,-23.08266547503252
-1.1516538902538005,-0.7810426611920516,-3.2286554792495203,-1.071896765506527,-4.266287894694863,-7.373481184077095,-7.85464580650344,0.16867629457617306,-9.795077729703202,-21.517036144702764,-52.830221172576046
0.25900571604637984,-0.24186390788782314,1.507373630104364,-1.1338855082927286,2.078673004048584,3.00744452957269,3.3441604685883357,0.6570535623511777,5.104427577333934,10.063210738860507,24.497272259079644
-0.5055219910633552,-0.7596743117055038,-0.8796667201974342,-1.1668621180388912,-1.0420268874925667,-1.9352859580357056,-1.6360753012532572,0.26981741350532656,-2.1752457649428227,-4.789819060870585,-12.178071938581953
-0.5610555390594232,1.1013707285209755,-0.4087995971108989,2.487911953441725,-0.9358612802798311,-1.7635365719892064,-1.5498682881696764,3.3838453041278997,-1.45248078774713,-3.6930377952779265,-9.034053184736173
0.008735211422944103,0.18755185195516705,0.13356782198949668,0.2748554534384569,-0.9459141752569153,-0.588464460898355,-0.9759489073061317,0.5910591194436658,-1.4788851240669798,-2.94681645994443,-6.445707127093384
-0.3280787958064927,1.170152153371649,-0.30080414032431024,2.452093690059018,-1.0190581413897926,-0.24318924863458735,-1.3921181889662515,3.6662191580830186,2.866139599222668,1.5546914039332653,3.9638209362370773
-0.4995261626080169,-0.2496506227955325,-0.938233299510634,0.17117884097827168,-1.6026241824935856,-2.913869469432782,-2.917117486457597,-0.3924112705924336,-4.5946338921265415,-9.090522527796757,-23.003927770661374
-0.36410108964228716,1.3237062564107,-0.437554168418817,3.4473340629413287,-0.4164799224987117,-0.11521354657295324,-1.7703024037091102,6.259436449300217,6.019408026967629,3.5296851730108343,8.828561386733158
0.49457137223046316,-1.687177373556438,0.8667514748947719,-2.383985705874925,0.9772732513454389,2.2235402560585076,2.358167855949009,2.540500614323865,7.9097797351642365,11.426504891819981,28.91858149810217
1.3286446988996188,-0.7504374346802103,2.375089736830038,-1.9733908570418008,3.337934443496969,5.76011324601813,6.866921750487184,1.9913288137609313,14.155188794707383,24.845011187348014,62.30344205170123
0.7517573853196488,-0.1568567320090509,0.9826508174468944,0.43164586482597705,1.990867372305558,3.631235450930329,2.962590869089501,0.14818170065582534,5.343373404595968,9.36528071536583,23.839314167455065
0.1514338721746008,-0.44346697440459415,0.7743921905157287,-0.006501438748077404,0.7950481835765444,1.051175304016056,1.739713416023484,0.2185814031186985,1.9307876331684188,4.56562639819296,10.609695506608622
0.525260245052367,1.5034267544591766,0.3526983539506174,3.9725440663037865,0.21875154910244127,0.5511908323554835,1.0478562307176098,8.236080217915811,12.02554021272806,13.913693017137517,35.254967035617284
-0.05109361475505019,0.7304737963572773,-0.594738763049539,0.9752932832222484,-0.5936876755114421,-0.8131564992282172,-1.0816160883408565,0.39465312361391797,-0.8699450357716304,-2.150311729091513,-4.776445275700083
1.3905238624872187,-1.696997595833892,1.8862615550696766,-1.3813092478043623,2.387831968731963,4.601665234634124,4.487639947125269,0.6987000540549653,7.931754892239199,14.704851591720827,36.970324562065656
-0.6860855571550972,1.2509140151782119,-1.1398947423459929,3.0382375495559666,-2.1745115233660894,-2.297900143522203,-4.284626985830693,3.78054584028635,-2.765507263091037,-10.238789711408698,-25.25833729994334
-0.3822167783301647,1.1078383297637073,-0.4578182746650249,2.8981660980865045,-0.5173733249132851,-0.9993087563457819,-1.6855102342061676,4.262105681772844,1.1520282990574682,-1.8585204045006494,-3.9088570365352147
-0.5307049160451653,-0.1892300577792648,-0.3866901386199558,-0.9844410621112224,-0.30066706697579143,0.07436904237636599,-0.0581810537606029,1.0768144456665736,0.8668889094060324,1.361812036240051,2.991293845765517
-1.6259601553000578,-0.609417322422558,-2.0762577377903515,-1.0094107553112566,-3.2184816838063988,-4.333627717884222,-6.685852322340829,0.38267197299621614,-6.351627618146729,-16.212099732893545,-40.6645994146761
1.4334751553878293,-1.1901888645148957,2.1629556365588187,-1.7979080918831192,3.109105830895889,6.02586140591521,6.1985602884509685,2.1935958682970886,15.908329296831207,25.04732595160278,62.25272867829356
0.6649291926737794,-0.711357770498832,0.6208131663159993,-1.2222004059757934,0.849801585957191,1.477759143664385,2.077018116593454,1.2818602615151575,4.080752655001953,6.707037070369277,17.334515902790365
0.4953882507133357,-0.3240939599782554,0.48356118330381476,-1.055232183196293,0.8965459952141412,0.9794241662425877,1.3866904633241277,0.7627911967943366,3.076213029566169,5.115604585721755,13.116448197124235
-2.254497943426032,-0.9194180124785049,-3.6748081056750177,-0.8108016537641168,-3.865705861684571,-7.528709250490018,-8.735431743297298,0.04276952749681184,-9.13787714742928,-21.749639637533505,-55.40413897071979
0.6024018415036015,-1.7271607273490892,1.087192416651863,-1.653282294810522,1.1650042380051557,1.7193371350038973,2.8300358953038454,1.0702250792689885,4.666859908259328,9.150698077021115,23.227698058505727
0.8388227916567889,0.2759805649575268,1.6542676919183847,1.2214325414192169,1.6807640750061872,2.015463739114261,3.6440064912108463,1.4031192440654172,5.853315988361534,11.920595600762056,29.100142563096686
-2.065311522267831,-0.15893597456457642,-3.498499109870441,-0.14285010615980348,-4.863375816735089,-7.601881728344206,-9.62341680086628,-0.09081805195401119,-9.04097890639026,-23.013567127402858,-58.28781014445789
-1.0925053270129232,1.4427719649603234,-1.1545411720279881,4.016236520359417,-1.300148469392475,-2.3800080475171215,-2.3692824885442074,8.699667106200254,-3.4482044373284055,-6.245643222874062,-15.817927106156422
-0.03417294580583358,-1.1267472930600908,-0.5363326262214069,-1.5680145473838183,-0.6019575442761603,-0.5991315052292678,-1.2995349920499162,1.513495781640478,0.24257530055142879,-1.3952301407795265,-4.637418980818184
0.2730248138910877,1.149749468323348,0.9766605645403941,2.8971654780355784,1.273956775468915,2.001387012531437,2.1487018586791344,4.1972252676485216,10.509055180460418,13.014322618251503,32.66826178742817
-0.18479987319331556,1.0177455816758376,-0.23466047823240893,2.4509377478866403,0.11820525483654915,-0.6721149516371776,-0.1273393387362743,2.9517342763158436,2.387084566089202,1.7519782996001019,4.93611297657715
-0.41540482720001365,-0.8135545339248959,-0.3432324098652377,-1.614406993904331,-1.1311363623715316,-1.1070050937198685,-1.9861341876687406,0.775227968525996,-1.5536982632453835,-4.8963926647896026,-12.67852327509051
-0.06578364298314707,1.1350372902680577,-1.18347384738085,2.412221218312773,-1.4775930795902619,-2.9286597504171525,-2.861430279718869,3.596350479159697,-4.4930957863834,-8.449637399770191,-21.3756928085365
0.6658621516784019,0.11502594525478753,-0.1618718955570777,0.3149213192309785,0.9696201590596312,1.796214027474623,1.1400527348632798,0.08782450768951602,2.644912339548692,4.706840623013133,12.314416909734453
-0.9964531477635874,2.2996467409806947,-1.547016785909348,6.50809195994338,-1.250484398828665,-3.434798050921978,-3.435256073658152,21.16430339594338,-17.29233644491458,-22.3230164369314,-54.84198902017544
0.7255161509126333,-0.22038268468506422,1.213338098946477,0.07850406278095906,0.9798402356483003,2.3548061134907514,2.3147671199295594,0.45536014390191215,4.07074591000427,7.568160477335069,19.22898021843023
0.9613534858698133,0.45782524335316477,2.113568065596513,1.4084347522169312,1.3703458596467495,2.8770570928353925,3.3870195593820096,1.1942098942152877,6.692941047103039,12.115123203585517,30.05568651575053
-0.0007117164657407702,0.2961276994544315,-0.18097844838128954,-0.43841055830820386,-0.25648979650435944,-0.7060860345181533,0.1286478838268174,0.0924214962071112,-0.8415442752876816,-1.1853692152939608,-3.150241550422125
0.5035971060209793,-0.3248611790139047,-0.0427674826259713,-0.12524700854176213,0.6645684311353871,0.7348502015116165,0.4659670361050848,-0.34625370306389563,-0.20355782338797968,0.4625970928351727,1.6902017598623194
-0.7079830633369945,0.9255422368480367,-1.1220099937350974,2.084247396384874,-1.3594225380485085,-2.396029195778392,-2.323743534670899,2.3545415323776386,-2.3097949052226956,-6.11748242238779,-15.590135597390402
-1.316938415149867,0.5010007815477914,-1.9291523914733835,0.5929684274042413,-1.8280660314104258,-3.8096484942175333,-4.125128238069278,-0.1411262098767819,-5.392482226651266,-11.410627770956525,-28.168140760578886
-1.6324295398004705,0.09444179094035123,-2.612813540808644,0.671043466250339,-2.8529093533105647,-5.456349867809608,-6.55943290913722,0.867090907915623,-8.67289907703815,-18.03112276861335,-44.17831727907487
1.566807427521651,0.2555935137001603,3.0476208451054014,0.4617279915384248,3.17094941036589,5.2367525638435755,6.992334780963757,0.7667949198014011,9.614796193386864,19.82666518559243,49.401170027920536
-1.2808892547895643,-1.0561414490901448,-2.1859078457996617,-0.9873050782892256,-2.5968067624471742,-4.721799004906378,-5.815379969496788,1.168868797782932,-8.232294772903959,-16.070079342963805,-39.81204323821386
1.5813462832656042,0.49497302622548495,2.6297639822822885,1.3419395992020917,2.2136373896915558,4.626225736078815,5.860398443476278,0.9636815076895232,9.173568577929167,17.907809642348216,44.81491035497257
-0.8241208394497885,0.44265961612013427,-0.8009531435132484,1.3132385713544552,-0.8776258106369983,-1.753590611492218,-1.403369781545549,0.3667073590074027,-2.5909984396302477,-5.305382161652788,-13.349761390936242
-0.6471047478176283,-0.9487675146071342,-0.8639434663512023,-1.4411347947843944,-0.5950014534141049,-2.178436750113857,-0.4652486613927673,0.6691319627689531,-3.1104489483862845,-2.9246099848195604,-7.066108678067268
-0.9938842209051425,-0.842333669755158,-2.765267969883197,-1.8114656625466798,-3.260038256392215,-6.390285160793978,-6.183231926342476,2.493602186156041,-13.691412796001401,-23.042335944616312,-57.70185986013943
-1.1038878076035126,-0.32182227536825575,-1.736418328612524,-1.1017745663046479,-2.8762907666202953,-3.3558308641901857,-5.700859948044013,1.2743468079269529,-4.381548226165967,-13.149228472734226,-33.63099269844921
1.1374197406133029,0.11665581876580691,2.3440529503283223,-0.0751563701897282,3.141192513829483,4.471530267437149,6.069477420713539,0.43965001100244633,6.376303972001969,15.450311314135293,38.456083162687776
0.6709973625095996,-0.5321204122162716,0.9211564728723114,-1.4051603058997428,1.4261314897621344,1.8983770598084704,2.729119761724156,1.0993277320348738,3.7455505510417697,6.950726352415285,16.759359461573055
0.20064945245756022,-0.4704958056357762,0.7309505418067647,-0.3217951128323151,0.754830907001298,1.5244331764623618,2.5211448053557657,0.34181306442432635,3.024394750887513,7.179865394906133,18.050599189553026
1.3678103622691093,-0.9028808750884472,1.2941866419173829,-2.3282172777479966,1.8475246059211896,2.957383340816367,4.225847513930336,3.1134980070014033,11.204906080601617,18.294564501971713,45.424484610325344
0.06716623631793815,0.09837219974950613,1.1613773793703248,-0.039544638363821744,1.2451067195470684,1.134038630845448,3.64835684776933,0.38835455504114186,2.070178330406031,7.11286834412735,17.794369055873958
-2.6231427698486875,-0.06378963119180024,-3.8109717453814813,0.599104658288021,-5.183629200424158,-7.912856528625607,-9.493677895648425,0.27853055338700855,-10.41539946656506,-24.70258863606459,-62.78106706028279
-0.005090200020308438,-2.014860242568367,-0.700059428863037,-2.093167839055566,-0.8780920896508554,-1.3327580559052026,-2.38167727324005,2.263765224654946,-0.8164442830358496,-5.134639025215634,-12.250224251721017
1.6993404019027378,-0.6945583450955195,2.5233276720127984,-1.315597241688577,2.3006260083501417,4.2641994058985775,4.3464166145152685,0.7286827510595112,7.9669057817951,14.638647876022743,37.119170458004476
0.666779816805119,-0.30471697723457536,0.21061681764272422,-0.2690974758576826,0.1895189108361769,0.40564890188383973,1.1778340828482692,-0.5595605522040226,0.17521977895878477,1.340992372164067,3.1525640463022175
-0.7866009898517783,-0.1951252943874473,-0.7075490074000641,0.2266970965880395,-1.0392904709497568,-1.0595531982564816,-1.408193988863952,-0.21719899570224266,-1.6632737275051874,-4.221967511401341,-10.255807095298037
2.007569788960668,0.20920481426469006,3.1961233236940876,0.4343188399095634,4.19365127098046,7.068061549040184,8.648949030007334,0.2371125626085498,10.29554264763435,23.369070653784796,57.865985498148305
1.7230325048146045,0.3759267461367192,1.9257183068044217,1.4249182225788966,2.203445484874873,4.211823812779764,5.301142857308872,0.46900436848038574,7.378055235549991,14.730678985609593,37.205321952774504
-0.5557728640422039,0.49874839934930826,-0.5082846443902292,0.20934586350728157,-0.6006759695414426,-1.1707076099056182,-0.46724539798999165,-0.5866229743064384,-1.7309537066479543,-1.9991495736941771,-4.775675857645138
-0.3225974813451732,1.495455089576853,-0.5012964329438883,4.157780607672524,-0.9684887879746613,-0.30898449261340777,-1.5379914304467748,8.552115687706985,7.008282617647677,3.8276012312974257,9.478866257457149
-0.5407263339292475,-0.1779400544503094,-0.66004916782746,-0.13112011178396918,-0.6851858480848739,-0.2989682312539924,-2.650505142640849,0.5943040407023216,0.7159316806470222,-3.5108865858655247,-8.543174222033286
1.6354721066861873,0.7627158503058796,2.859838411132766,1.3360166427659563,3.0190608714183784,5.964219582326837,6.261983616041013,0.7531295743289743,10.879884194659004,19.516234109886742,48.546890655447086
-1.3125844472647163,0.45154959132911987,-2.81173565399257,1.117531816636141,-2.7273851347551963,-5.385338821848539,-6.670808762678477,-0.19638817307969125,-5.73320239274295,-16.054581466558304,-40.335355194537435
-0.8134237285797973,0.25483575597737457,-1.2171363510805213,0.9779827859432217,-0.8443692999487998,-2.231157325845585,-2.546766051994949,0.20684532931046856,-3.0050473453176356,-6.604123352302771,-16.201226165643384
-0.17923488091453071,-0.7187253239889688,-1.2428358097055157,-1.7753159198368071,-0.9484291137636078,-2.3272220617692954,-4.0396256297253,1.5149076847569494,-3.071190298762427,-8.770276024698374,-22.32515850617772
0.5197732607778675,-0.624996401261599,1.1745935308900717,-1.0287963091221024,1.6809013102030763,2.675708882261663,3.6160155387461645,1.2054680072913886,6.248533505622511,12.569112178874612,31.397199720785824
0.938674317232046,2.925496664592842,1.4860758836556425,10.655988356318256,2.5116208276054244,3.996941023397069,4.713338377372312,56.45144538191173,179.50195980706977,187.02720296538118,466.78168683042134
0.3077903248466601,-0.9841644448880053,0.10118660960065673,-1.1364773210828998,-0.05613555060497283,0.4516852878858153,-0.31163066935149975,0.4814068036829945,1.3751752307907688,0.42584994436088197,1.0603170238075605
0.3670750629408195,-0.469270367444346,1.1448994616166464,-0.4596074340055404,0.8839792894349643,1.4566542532676348,1.0227691674203456,-0.7514858147192373,0.9322685391445179,2.586414437646813,6.223208504509866
-0.9492281215898382,-0.0447529411568943,-1.4880217269455707,-0.027176662464239658,-1.9066602721224246,-2.3787677736503197,-3.7306101359538073,0.057403357466610405,-3.133998677136348,-8.515062251853298,-20.897886345559712
0.6981925365952375,-0.17393247313938776,0.2482675237133677,-0.3330789375608591,0.434142832248815,0.8354723038226336,0.5715915497380859,0.48653509478805024,1.8238434420227478,2.8586103064484907,7.898757615320829
0.742191648959396,-1.704818043734093,0.8462574705011905,-1.459091582953644,0.9427602975427545,2.072513271078612,1.89971609178774,0.7577468552359746,3.917167408631306,7.392500183268777,17.681915375765296
-1.7996849855091284,0.6360303238837233,-1.893208838298118,1.4216099822709964,-2.6051420909991476,-4.476516780532613,-5.044055460422077,0.7128487680130564,-6.29331183927594,-14.277282719852048,-35.3628194197144
0.21906499545397526,0.35115957947994314,0.6106976381182343,0.13505747643423005,0.25854070482180763,1.2356847650572993,2.0070664748077665,0.20730109396595606,1.2999922515286895,4.618548542846984,11.58905500179205
1.6145628930263882,-0.804389794425278,2.5913555433271136,-1.407159988855552,3.348359331877102,6.008174493648859,6.310728862056978,1.5358940232310674,13.217279523089541,23.4724992431036,58.88099322501922
0.4699195343817486,-0.6393517664713478,0.8130860759786177,-0.4911649725678827,1.120287809371156,1.0741607313781807,2.432215865651888,0.2818511583474205,2.1861781059735796,5.970262898575434,14.267335454133825
-1.4527276822440722,0.1814131272383606,-1.66613343632884,1.0429075903713036,-1.9494544834743508,-3.173598836620086,-4.38664170032349,-0.9388468483411574,-2.3548489730819937,-9.39794942790094,-23.629591171750334
0.21915476803624004,-0.4003020866158332,0.5930634220017037,-0.4282482830316445,1.15418364645097,1.1202121098290325,1.999057680463612,-0.0890540563659173,0.7805624044291308,4.566058374642348,11.588110176311421
1.3719468013780411,-0.08195277832862843,2.1335457663571087,0.09269754115885395,2.3058960931020644,3.8755315507137795,4.801204154585963,-0.4861184721966442,2.403536070281884,9.426515982420916,23.77396135571146
-0.9647638098033052,0.47758824427671437,-1.1988660098339359,1.3200342124039275,-1.366430996531241,-2.4431043995325745,-2.6739217176191064,0.7572329585570701,-2.714445253791014,-7.257969878279732,-17.817007440105538
-0.8349900907012264,0.697708615888852,-0.7106622771915014,1.8390040022212335,-1.7472916987161407,-1.7090271849710938,-4.244898074497883,1.4577177323522972,-2.2313805858611064,-9.472303331728526,-23.514521961573333
-0.6542860964846344,-0.21971478081548082,-0.6713171032246731,0.19844341676726096,-0.6227467003375793,-2.4106643628283306,-1.7749342279247222,0.02706371500839891,-2.1034123873781043,-4.534872145223231,-11.602589975663832
-0.9642246231868854,0.9238832430715418,-2.164318023882225,1.7049517724899688,-3.5143163650242295,-6.607119168457623,-6.0289109176787035,1.6282203887406685,-12.075835378979706,-20.665442222989444,-52.34459410523818
-0.5891651445492101,-1.684193535714682,-0.46377843894447324,-2.6164475684833555,-0.440834061552159,-0.9422744785185255,-0.9969338483131963,4.134717168633202,2.0292463790848867,0.627980653067334,1.7971404643920257
-0.5296816764825838,0.00898056703337376,-0.7205345296731802,-0.5600800570388437,-1.0564987561521009,-1.371015562702608,-1.5579922873767313,0.26641866953696564,-0.9289387640310673,-2.4885228382767233,-6.3455163172295395
-0.04534098280975615,1.8527681804860814,-0.2093414216755493,5.690511718402098,-0.40495834603592606,-1.4193921334447304,-1.503702671228972,16.825661569866202,4.823989756112325,2.298643176592818,5.6211315157247865
-0.8141338857494615,1.865850145859121,-1.3971903336651839,5.149519139117837,-2.3310275110997076,-3.663028789106172,-3.3750759568299546,12.904790706471362,-14.219225383439358,-19.264663350740534,-48.75770198995195
-0.6531613772253084,0.09513887605305817,-0.09164139614708544,0.18921411938764982,0.4014992997500128,0.22155798680711022,-0.11810873100806463,-0.025606528298068587,0.5409735627900019,0.8597676164025839,1.5088044471249564
0.25865546146463775,2.5039928426471034,0.2764023755444717,7.771663167341244,-0.26536580824569383,-0.6288707032455836,-0.3180277514283572,30.421781745216546,23.598731258356395,23.312197869581112,58.62755889690796
1.0591410909476477,0.3713992309638326,1.6678139691240943,1.098459316494398,2.4334966666149906,4.254306134781784,5.491136272615953,0.13677875849745252,5.6057797001667815,14.09051841703096,35.59635271760213
-0.35226337658884277,0.5468350198356218,-0.16282019627103267,1.4648392675557569,-0.5105950026365402,-0.2129690128936348,-0.8955937193284464,0.6239742215492717,0.4804226580663472,-0.46460865665622336,-0.7123316264814905
-0.24263288311125797,0.493659130609536,-0.3819716137481536,1.1637413495940283,-0.41640350908495966,-0.2948877786720996,-1.3455294757636507,0.4385821660405409,-1.1298021045121283,-2.967962908646822,-6.826894562061028
-0.7493595925706538,-0.03695469249100321,-0.7527293568207833,-0.0753589093778432,-0.8662409412543775,-1.3844741980728295,-1.2328666059706177,0.5061642470193909,-1.5330013251332177,-3.6401212852019285,-9.46751054091361
0.6034889875589032,-0.38119452286288263,1.3621186862208006,-1.640868385688637,1.6965292599744073,2.433899230812788,3.64731852657482,1.102152933584046,4.600384769742419,9.87870025797411,24.41186953999037
2.036445766514279,0.4358756413176684,4.429220889088585,0.8659019822332845,5.465491321984804,9.241853290648322,10.55181341992995,0.4179437162507749,13.01468766127163,29.48497711717749,73.18627391522814
-0.7425530529373644,2.0229555341420444,-0.8212242039264572,6.243795692286439,-1.9341540101519428,-3.3447954542237373,-2.701198812296636,19.372060592928314,-15.462362475713904,-20.121440047150386,-50.676035837839464
1.0870589990735116,-0.5642057638657756,1.8508042970399696,-0.7232183056228347,2.2661011408370197,4.346273969288985,4.629671354726661,1.3102543340080044,8.854800255507858,16.07221658681579,40.1918359657446
0.8815455894905995,-0.5490584580980125,0.9920767486611901,-0.9184578860625883,1.2969270527401782,1.7365176424535296,2.9749822682665363,0.558281185513114,2.054581728689884,6.320338446321922,16.74772675006978
0.7203288613580967,0.09062357833639118,1.7705262388073344,0.8770343852400588,2.4931814125322282,4.129355950974107,5.358992065314476,0.5662362119632874,7.125249770640075,15.342086194413397,37.71004955544515
-0.9402316035800685,-1.7149600000724567,-1.4864507985857012,-1.4929055078277649,-2.4765335627783753,-3.4385204622768075,-5.50684796645028,1.0407124958809328,-4.416575898540996,-12.206518694158744,-30.386287178493433
1.0097398878226247,1.0063764229045942,0.5215905974092758,2.549359705424234,0.30062285005137934,1.5216806586420912,0.8442994475721819,3.0607641364183076,7.317562367400979,7.915861964276365,20.27443700473611
-0.17112267136298334,0.8829002227894539,0.7411783598339314,2.6073940186684434,0.15007304923580866,1.1404112815743277,-0.2910397512449069,3.906898897798509,7.418621308487886,6.854216992507916,16.42214210597281
1.2058662931007451,-0.29854408668655646,2.4992671202313184,-0.5482147801379281,2.6911620039318733,5.36071356837059,5.125083970218457,-0.32729241387598196,5.285810753144206,12.898860478498081,32.28824503465949
0.6966060102755529,0.9856521564004088,1.9434191670688543,2.662686043082737,2.6261718437325143,5.319900788081932,6.054201389032309,4.540227148393138,23.08462784487424,30.38901194933721,76.26172817773609
-0.9286189562966692,-0.4833020044088481,-0.8121183091819226,-0.7772226128875237,-1.8382568939675203,-2.1728697442709937,-3.445663141436956,-0.2885143691441689,-2.913338221291294,-8.038320110236779,-19.357227211994346
0.2045918654753325,-0.12812498301532543,1.2809831428350764,-0.9135242146113979,2.6159097315159077,4.371363004941484,4.921837375563876,0.4382373120003157,7.2316997665126275,14.277857707064323,36.11921288297658
-2.4946191334441488,-1.086019847126191,-3.265665705643665,-2.149102483676491,-3.7449053062099944,-6.385197197703334,-8.327589175367052,2.0732513387596785,-11.909547902193397,-24.47062296549779,-61.46194155113809
1.2403893483636712,0.8689657557202826,2.3837225591153057,2.3601267028212396,3.5483106523142665,5.711241364820027,6.9327550517386864,2.8242870333587318,18.33821268302282,28.043204536530503,69.71961310971983
0.37437125066281196,0.5740153626220758,0.5518428837748929,0.7948609704470141,1.2209178011068893,1.8227657724897615,1.9429005199161296,1.1614745662260257,4.3790004778022364,7.11359740997694,17.64892412403319
-0.5132911103068672,-0.23932616196569695,-0.647819907015377,-0.6550505235738124,-0.31179049757790706,0.22642366546795356,-0.4814224244439691,0.5682622714899734,1.1310346976008647,0.5200046626208451,0.9779562081140818
-1.4199051921722479,-0.2336076467227742,-2.2199939352540516,-0.23027958934665246,-3.205552641231819,-4.0871420523422355,-6.360874792929558,0.017051149338142578,-5.592225941260672,-16.012617959898588,-39.40745908299234
0.8662060232780983,0.21214541359943226,2.2382932525629062,0.34452174500120625,2.824233872356677,5.728036785473285,5.406405484795101,-0.06534468744298197,7.817183665152034,15.898912603978426,39.698655517051336
0.35332835612522007,-0.052115777219135635,0.7705305281949342,-0.6178622905602598,1.3358539200197228,1.6742509770355063,2.7041820716220553,-0.07377684551153668,1.8090231783674908,6.292774050628674,15.308658302785727
0.17931042047217474,-0.38372215286045985,0.38499771808881467,-1.2385922988657527,0.3110954624704373,0.2900153235010588,0.9811817748248508,1.2104914002942009,1.5791631250005294,3.056782252182622,6.956588680839509
2.247427140363646,0.2849336169236729,3.388632396486516,1.4973647150933522,3.39086701204155,7.213742209144229,7.185165468788983,0.7910307392877987,12.52542862238011,23.23976792583914,57.490036694523596
0.45199849662630376,-0.1575226974038129,1.5682743765037883,-0.1408239150505932,2.0564377175260966,2.692317311446888,4.749982896306102,-0.314473567380729,2.421649795938097,10.360950311639877,25.79316651976296
-0.45160790348488705,0.4183089112027575,-0.09895294592423798,1.6141564373639632,0.03435477351305109,0.20312461902726234,0.06715420584431689,0.8053559677190172,1.6663699510965777,1.630812152766129,3.218219105845764
0.9885295956960156,-0.7038674711950683,1.8820274381195525,-0.6187596039949629,1.915463069467692,3.4800840589897972,4.109320142258996,0.7496180230463831,5.601590957979974,11.538252942996673,28.02407235452653
0.14816443126228684,2.1832301006954054,0.6003621141543096,7.594884207581503,1.6426592885569784,1.866614520999906,2.8373686612872357,28.199758505967186,60.210381333332656,64.43911835141223,161.47206736233997
-0.17569614947594198,-0.3713993163581318,-0.1370437790089561,-0.627218750375008,-0.6034292579444639,-1.188201881887811,-1.9106517399154865,0.43131108374285754,-1.534324925020604,-4.765613052172013,-11.328616157344497
-0.2868368299251157,0.0036803026770403104,-0.7557409115778962,0.47190232579867986,-0.6535288515360412,-1.4056751517770296,-1.0634015846534661,0.7015528101384558,-2.3168048811132778,-3.6856716920453607,-9.311347132092674
1.2982939198168761,-0.8669702834246326,1.8588048238234114,-0.7895631848907334,2.40663419572885,3.384467491737779,4.180605943052623,-0.18322318394841403,4.035014880986493,10.019003927203846,24.673290874688604
-0.34827266016009184,0.04122756166653058,-0.34704047849339703,0.2915087851411307,-1.0166774925122348,-1.152224609600262,-1.4975649889707987,0.8239562234573269,-1.1901902687645023,-3.3630677685915433,-8.459435813039084
-0.10559157118207566,-1.0105561999171362,-0.09336915126446568,-1.0891839891605863,0.05720356349060747,0.6512509870191766,-1.5003642304908487,1.378573089671686,3.4090562357356644,1.4031807335051303,3.3581029952162678
0.2227554944857116,1.8139370170607605,-0.06818204515193771,5.518714683749284,0.20301337321450735,1.2092769393145975,-0.5692412613591582,14.498428562725516,26.11196964011309,24.851270464649833,61.69781445031142
-0.366618913497345,-0.6058381750883715,-0.8968653705140526,-1.1694025378223176,-1.7283642908540027,-2.773112575954568,-2.9906889995544876,0.8076644941910889,-4.000653687034639,-8.31814925751196,-20.558895124052412
1.777031525586256,2.1000505924314488,1.052734990387383,6.250142900426832,2.0747565195117446,2.985738509406691,3.8632542795810934,19.079686838294865,53.17588031768661,59.6434921836964,149.11421423958333
0.1958769203465878,0.2130716297097882,0.4452255502012189,0.6293074593076268,0.4626921111822524,0.777783216219808,0.6844144529553462,0.6783480379758766,2.3061072310659774,3.3039145506517866,9.044171907199466
-0.3388919123069888,-1.3642055061195426,-0.6843595023269735,-1.9581113076649825,-1.6197577292708925,-1.7507903868876078,-3.1745665978707085,2.328944660535581,-1.1609682219725324,-6.311145551734654,-16.27078145960051
1.261688688234994,-0.6110480094723746,2.70958215855839,-1.7264368012557716,2.912891738144764,5.102079190412923,6.649746851034558,1.4428254093881716,11.801871992148602,21.138331250454954,53.78148487845488
-0.24606933168035236,1.3768798580717037,-0.6601798157594528,3.4319747036754378,-0.4756309337212054,-0.7213627254795887,-2.423896416302324,6.198349155283261,4.265729024982978,-0.12115275128596037,-0.04481677781752336
1.0539688892179437,0.4881220739726052,2.328527872427057,0.8420396653180702,1.9800281288338535,4.091583199604635,4.61564853067598,0.22958935403830794,5.9240104026284754,13.607125665925633,34.10185995578717
-0.037683544125096814,0.22354315854883083,-0.16468010325569424,0.23474198228890297,0.8207936982941901,0.15980272056548406,1.2465895389393673,0.0327935684327872,0.2805323002855017,3.055869009374207,8.194363610125292
-0.627120769012719,-1.6070969117014793,-1.0085188977266584,-2.5198457501055262,-0.8206553701450572,-1.9059814739204992,-2.967661521459195,2.370192468209167,-1.6551745015981978,-5.6162454907723856,-14.714610998433205
1.11320664025022,-0.08420306375198591,1.0226463780370731,-0.5315636709129337,1.2080473184803886,1.625671127518411,2.44112930937701,1.018338950038007,4.133574095169023,7.896266352478833,20.327942761041534
0.2381235339587286,0.17888026958880462,0.3167578695791131,0.5326706229065957,0.4483055152240754,0.6073879036631511,0.5669025545626596,-0.4449639992509847,0.008387919396694157,1.4938917154007096,3.1415596605132756
-0.2670574936212597,-0.12167771445271763,-0.12253230016486111,-1.3922628275243694,-0.8012378787968442,-0.45905308525840954,-0.8118562187315943,1.1074597449914951,1.0123738774926,-1.088461610165931,-3.236619531970384
-3.1358932948497658,-0.5500442428873531,-4.5814589952936675,-1.2910081253600014,-5.040087472684054,-8.771910232554674,-10.15238571744717,0.5881023155854868,-12.921224780822698,-27.429682308884647,-68.1553837028119
0.18325032659317025,-0.31843163793724566,-0.31767519490250906,0.07048615099181954,0.5785531460754763,0.03699028140905511,0.07033736598281143,0.29331088389873144,1.7441180760876702,2.4926068334582245,6.635468893054158
-2.270858492048076,0.7308121280167728,-3.173539799652926,2.4443943160350843,-3.6246566846908213,-7.062309128996732,-7.282573706226518,2.6678149592734157,-14.624469704174937,-25.0528774911688,-62.725729417691326
1.3348419683892725,0.3281163051779238,1.7956552615317798,0.5407870691197866,1.8896222906247986,2.91022605191306,3.8468011261427697,-0.020441842375348573,2.3161544185292557,8.189673731985488,19.991694682327257
1.2896856038066096,-0.7229434455523093,2.028096271259365,-1.0517530096068621,2.0289674245276497,4.082272742280249,4.42110064968462,0.3020181916338172,5.876315976235511,12.756725030909756,31.42636558431418
0.08386450372261926,-0.2840378463410561,0.9170311673732351,-1.8515397361829669,0.9969439778058916,2.0028412637246378,2.569804132927599,1.1338643125432633,4.153107177466734,8.175238686052678,20.366829828237247
1.6619771234546794,0.8816440689529785,3.465382938773586,2.2584427096820963,3.6453652263230887,6.732103741468157,7.503365870481344,2.3804581399814198,18.756517602187888,30.17503071656007,75.13015169927456
-0.8673002554306012,1.6570896870005114,-1.1432781166255805,4.0378658127773175,-0.021569076655683972,-1.1708519629567102,-1.0250549438633623,7.779801796616113,2.7744291506390737,1.9715488971186046,4.158623686389002
0.9429356078471147,-1.8463714939978972,1.1946885578123285,-1.0507521201951213,0.5413799181355312,1.4056655211054085,2.504087783218811,0.3911982320408782,3.0251536808478656,7.205336352879004,18.473122791027908
-0.24031951532312731,0.9860819964813634,-0.46390876695274197,3.0714050866274523,-0.6476950095944313,-0.2792936769369654,-1.4967667864108818,3.925349086676806,3.3452992869940403,0.80541053789162,2.1637196430527226
0.6709068229647883,0.1690853109170742,1.576608605641192,0.1452722223258561,2.646267969357855,4.385175019771166,5.432649278983172,0.5746481017798442,6.948555019778896,14.651099894242966,36.490063800799376
-0.9319030251897031,0.8309256863947343,-1.8481085146782832,2.4589110255649818,-3.214503560564472,-4.798848348358433,-6.053414725384195,3.544297337090333,-10.088216858375883,-19.761320046470573,-49.132282360173384
-1.7747680713854965,-0.4132440443130286,-2.5062734118480097,-0.5707625974483294,-3.279746056351689,-5.053546118237721,-6.3824785790166185,0.12096683415496773,-6.225680328777859,-14.784257277152127,-36.617207756685374
-1.459957274924798,0.687262204554506,-2.9306471129000844,2.0831511889154624,-3.286413345807806,-5.730294702886057,-7.895503638319208,2.2755073187502295,-11.186270507369619,-22.928706531510223,-57.291289132423564
0.6401834873481286,-0.656945235282946,1.2481839160009884,-1.6974735157386722,1.112171573539508,2.4717551012031542,2.110406361181935,2.679500567624909,9.86512030771967,12.628138599144416,31.72859644505344
2.0792335028013498,-0.680611582955785,2.42055514779311,-1.0411131063437342,3.2500776821630355,5.685788970842036,5.967843235956955,0.45687008195754664,8.400132138493364,17.743915126491057,44.129130797775034
0.4289530331486885,-0.37962589348466125,0.41896596361814653,-0.4016884474906429,0.9023550909130149,0.6508815532721277,1.519844962559925,0.9922551001220157,1.790983827739791,4.246589074623992,10.002824035832031
-0.6979563179767723,-0.3713431381753185,-1.0422853688348144,-1.3748660900305598,-1.8410099389200996,-1.9833901541692263,-2.8286967530501474,0.9009218066219945,-2.2183572413459,-6.811750357540626,-17.69350570109132
1.2983586601906019,-0.26302939321856883,2.877266233693603,-0.3656333945637175,3.270446090903072,5.786440947631428,6.2900553985868,0.2498139805749689,9.036809613535949,17.796042481026255,44.09171445901333
-1.0020930372199686,1.1156786305393427,-1.7273307999412697,2.7893870799654117,-2.462253989422814,-3.8937173557141653,-4.529764793783988,3.4752931892970396,-7.61794376700916,-14.844646767907674,-37.61786080752462
-0.02400925711898733,-0.3796875487798195,-0.773415958441423,-0.3762887404204891,-1.2755147446034636,-1.5616107853537549,-1.9403628774312134,0.3305667921169532,-2.0691320909850934,-4.748546680292613,-11.724354620096518
2.1662343090827827,-1.6515601757397913,3.4731971577424714,-1.754863788540667,4.562820527748396,8.125792677451189,9.741115613494934,1.4678151348945585,17.02089072914427,31.45289316718267,79.47696369729893
0.5823084612813098,0.12859372321124724,1.21672188882338,1.0165015712091234,1.265995808861177,1.790183042090452,3.0402230884497197,0.4717556886842744,2.471339124354712,6.44821123053752,17.035490674562844
-1.3889028804281116,-1.4254406050170194,-1.6221122745257914,-1.564228280621067,-1.8908994752363264,-3.9298760791333294,-3.626435392402508,1.2474460614083276,-4.678601230836183,-10.246874081071828,-25.77369914534526
0.5629093336226857,0.8903917739545761,0.9114630752735056,1.35985848804427,1.3849161340003506,2.649878349350038,1.6220987959747357,1.0131575904558487,5.326466275829896,7.614414859600921,19.493612756077148
0.23287744081168496,-1.8276201595515982,0.9218465027270246,-1.7698994248256346,1.5383068415852326,2.3096483116643194,3.3534158920478037,2.0247314505365352,6.393846312275452,11.218625432474433,27.97469470463873
0.21448339843392075,-0.17371794332919135,0.4680354808166902,0.1986557792247305,0.45067850054448144,0.4090629153636532,1.0425678604648099,-0.10180989420509758,1.1914920753433482,2.6939132278635483,6.369612940627097
0.2014156498323581,-0.967978375519675,-0.815299379400462,-0.6948461279186436,-0.9162787185260336,-1.4931970664859957,-1.4389225864906412,0.12932030780042333,-1.3476857235274846,-4.448849024622466,-11.536158992833107
-0.4322258281927469,-0.49517513370929384,-0.34678642006257115,-0.5183648976646604,0.35151650391317824,0.3831195724267259,0.43725255282485326,-1.1402659158840334,-0.19964651580661052,0.8566793668070348,3.134694080060936
-0.6933162813368177,0.9658193661230698,-0.8416845048875012,2.360011186829891,-0.294720003420903,-1.3745274232946418,-1.60233038682211,2.797260838018667,-0.7559091437207541,-2.9022428222990153,-7.508832741540885
1.1292671854797078,-1.2947843496742197,1.7792875818793454,-1.5429507869466155,2.2385493520722552,4.049080652935016,4.382108479776524,1.1906196790690369,8.030849565265719,15.11618910142624,38.00825164537717
1.0932490822857694,-1.6890132571268877,1.5583853869998205,-2.0803555813104335,1.5958513377934938,2.489270285713455,3.3081639824833546,2.8597871819321865,10.29628644172406,15.178974986530068,37.97818414779275
-0.406594330897667,0.7340437379542384,-0.36916885694056456,1.3864251398914282,0.4731619931741909,-0.43527015208752623,-0.10022417959822699,1.334063234848521,1.107205022422748,0.918684723265873,1.8483634462703025
-0.3149492813482403,-1.3721528998413977,-0.14987111514711826,-1.9650313360816078,0.3928253273909378,-0.11075218453636382,0.29117565612947777,2.1715850311235334,1.169424568471682,1.3189702077236678,3.1596936228518695
1.2745431727836916,2.0613105640929352,1.4831992409214216,6.749440967792983,1.6388875564226626,3.0255494001799974,3.82279873393827,22.081882298464546,61.328838754830066,66.5808909999278,167.07834368943253
-0.37688540700159956,-0.1324056901356066,-0.17983232544267336,-0.6248383185325992,0.1971224469866,-0.18023308226721788,0.5221989979875651,-0.42710253851727586,-0.1707590465150255,0.21384190771365658,0.840496299128382
0.5067838286462255,-1.650834793057746,1.1117976034714592,-2.4192537157100227,1.4332044129068606,2.450698726434869,3.2800470478138006,2.445956804452106,8.00428292269242,12.29475284634083,30.401582591575036
-0.007913044552322222,0.2868333690898415,-0.5301540621699704,0.9522694086748793,0.14489892650929181,-0.9261054194623424,-0.31624729173684457,0.02029048034969283,-0.6807830302644879,-0.6309663732452241,-2.1451883716142186
-1.261076977308694,0.19606259143131205,-2.6368423906336744,-0.09231874679259872,-3.858594685432818,-5.29906368403444,-7.471129776706603,0.40151763535390395,-6.906812242224991,-17.35293074243875,-43.98320763461757
-0.5636922478924055,-0.6390221696970894,-0.9839571937734997,-1.4609211262769866,-1.380692778904556,-1.3175184963817212,-2.463333252685661,1.2046803744775156,-0.536299585859632,-3.814314232052506,-10.08875563489946
-0.7979845456981929,-0.3915097958574994,-1.277728539318311,-0.7208471800665718,-0.7888313414540602,-1.99687885239738,-1.1068147606438348,0.6199119109184972,-1.776127694369445,-3.279853574749622,-8.155019581600419
0.5603026103569981,-0.8489355585157681,0.27982656541373596,-0.8197018817602267,1.313607553302429,0.5217238190885656,1.8228387410280231,0.06615793055585822,0.6336385791579625,3.764085465445248,9.632683299944691
-1.14710907266188,-1.917166008910383,-1.6685961947240868,-2.1614621219134422,-2.3272473083997713,-3.1976163905717985,-5.039978266810434,2.6668082398424935,-5.2360508126497525,-12.959215150633566,-31.972417843031693
-0.7251408276140764,0.8806335991916441,-1.1532618105348589,1.9674882155314077,-1.4974192292178368,-3.0553614770933937,-2.678933123474742,2.659335152864517,-5.0369438459311375,-9.420481563732874,-24.20214510385891
-1.0768537776819478,-1.4999818119135149,-1.5250786333938828,-1.6738414867014326,-1.7513264294935165,-3.233715741620697,-4.478683981640061,1.8595030466208913,-4.833125267783807,-11.595591225432766,-28.931418234881285
-0.5019754513998013,-0.1421243202632106,-1.0340354318775287,-0.1816576924256187,-0.4878643967577484,-1.2718143645822937,-1.2901085620689825,1.1006783011763277,-0.6751253416001729,-2.8730304932523993,-7.031018100254562
-1.1644613157430617,1.1854238287112082,-1.6954088553719102,3.6507762419561454,-1.6925445453766303,-3.31818511121483,-4.2815072949421396,5.891142149786312,-7.738321722127369,-14.087802874347082,-34.63758050327669
0.7140687403603212,-1.294371097902692,0.3756091300255997,-1.988349905768606,0.5585770731476288,0.8982624864541777,0.4380413791085681,1.082125204896702,2.1549614803162136,3.223054292210195,8.04906071002423
1.5476918119764016,0.11475843745112915,1.9374683056608515,1.1301862322062928,2.129243354375194,4.527227706696486,3.722744938590603,1.0005979059734975,7.495150572676372,12.865296375501478,32.40051616776207
-1.3023550253848775,1.8850719299770387,-1.6561699354631618,6.10507651577892,-2.0730655251821806,-3.05364346810954,-4.6894910304286785,18.570084558880104,-10.40664460252137,-18.125126482906065,-44.84129870689599
0.6829175123584412,-0.406813236602705,0.5365362202679418,0.14555464525282635,0.8646784902969703,0.8974090270637243,2.498508999970668,-0.23060560181374035,0.6861039552206353,4.91004691389907,12.181408366408482
1.1823204012901891,-0.9275131815363155,1.6598043950116261,-1.1531300603880767,2.219425011936136,4.122510002098924,4.786543748021217,0.022442329270076056,4.397540349709805,12.056364287152745,30.09462398200556
-0.7920511929799746,-1.846826217581699,-1.5959300311409839,-1.1835706189411863,-2.685250026951998,-3.825454418636916,-4.451466164621847,0.6632835886704227,-4.990782972862473,-12.26310589318216,-31.582261448724967
2.582326235211102,-1.5261185273495528,4.348494475401139,-1.5250144101953562,4.994148958015232,8.548740287287837,9.849328342729788,0.8992495328252079,15.781653502742241,30.513234742176884,76.31039011792126
0.7765984314802036,-0.7964238836235902,1.4026144216135465,-1.7354445234466727,0.8993986280175251,3.31762493025991,3.617041270082998,1.5922425400240092,8.237025893943834,13.469187190228203,33.510640075013725
-0.8400303242165957,-1.1126603045393868,-1.6277289523022658,-1.9334574153125181,-2.3997711202251186,-3.736703900948846,-5.126293837643146,1.543638468741892,-5.605051423575071,-13.296206731730507,-33.60084287850688
-1.0101720556474956,-1.321043813900574,-1.5617770994258047,-0.8698062415198509,-1.9369484964971004,-4.389906948345881,-3.6268900588299324,0.43477812924984705,-6.159728861368877,-11.079975745813755,-28.007489506217343
-1.933500813652383,0.788877758132624,-3.067778217426339,1.4322184616915332,-3.2402468177981327,-6.413709090561998,-6.75644448182149,0.7353483794770995,-8.626893521902197,-18.840694233845333,-47.412413901189964
-0.07145523879342959,0.4208532860976196,0.48482737745371474,1.52076362886713,0.6364883822820177,1.3180117159719473,1.511676270021618,-0.14824356033048813,0.4530266587502575,3.1394953028761807,7.541785480008992
0.521697247130192,-0.06794633897847191,0.8541732560149072,-0.28897376018069926,1.2986511598988681,2.603685287569217,3.0751225381595964,1.0026292330733773,6.171390898723269,11.135795011908868,27.055976822129338
0.3974339184545937,1.142345455286329,0.6669934144920555,3.7032527521331455,0.5263042022823651,0.7908855703328688,0.8319223524005503,7.285979453063883,11.185548733969924,11.965401413410323,29.96287224335747
-1.9205241515007612,0.45957237943821566,-3.1666390535938023,1.270237401205176,-5.092008839531942,-7.828637943895503,-9.385366482083564,1.0399755797190169,-11.967215396467259,-26.089737071258433,-65.84347543833621
-1.281716272339205,1.1641930901000408,-1.4178716932376665,2.571070638441793,-1.4207574920476642,-2.27322827834661,-3.702524630657647,2.9508879800346772,-2.7648512056307992,-7.721404774953228,-19.072857289085096
-0.7022766338971976,0.1868765461354809,-0.6416443689766507,-0.14173588420762784,-0.8479675303949601,-1.3641247471855502,-1.4778345598768556,-0.11436343794395022,-2.1961804316024955,-4.567037150239988,-11.254482442692428
1.7646672240165964,-0.3661352855132186,2.8174396198655547,-0.35552183946693017,3.8823139895353167,5.992298853528055,7.538269111592901,-0.37782653804231503,5.399474172036308,16.820725460091317,41.36890455952967
0.13378549737575354,-0.3834190574920449,0.28703303376098815,-1.3620785336279682,0.774525142206476,0.5106900990827585,1.5866453238328257,0.784037750312684,1.0711853811190013,4.124891370304221,9.600606560594567
-1.2928898803297801,0.04766763518512623,-1.5131083146763142,0.06755902920600995,-0.8217742033405595,-3.7338029078141473,-2.8105800971080472,0.3009909106885562,-4.889878950838798,-9.579045963616736,-23.043689240962294
0.19562157017939638,-0.6802542015884967,0.6738255838312428,-2.352305812752243,0.19357010824523457,1.0625100002483487,1.1884458275861312,1.9839054630007662,4.9778947923978345,7.182261543089447,18.594426800218226
0.9332614475637612,0.4874916334233343,1.1503913926771578,1.0865892775057673,1.1388134858019596,2.352278605967797,2.5768184912537206,0.9673682050106405,4.51667283169046,9.034842002689613,22.561536187502337
-0.023419883950526264,-1.9151014076909403,0.032730742578272076,-2.1007574438661414,0.2991011193000573,0.4611447308159051,0.866532737777614,2.613654872230426,4.437760007745689,6.293724523928261,15.285885934076957
1.3581909596548434,-0.612345247666222,2.367137163515107,-0.20899064373592413,2.4165667620288533,3.991098834358651,5.49625966125691,0.04134679856991107,4.607601194362134,13.175736902690831,32.88649973471517
-0.6713150175301825,-0.3729673820024933,-1.3499128482997373,-0.9728111318154258,-2.2407033325278594,-3.6858724625472368,-4.652182335650042,1.4348629739546293,-5.517835198292503,-11.982306382579548,-30.195759554394513
0.3266937316410111,0.7684630266429858,0.6735192211266505,2.6214905780272555,1.1304102683974377,0.9705694780887861,1.0459543803524272,4.070744304152536,7.432379279331766,9.113573775766396,22.188050688556263
-1.116205645164959,1.4987061718565824,-2.093228768366988,4.454717413952907,-1.8733123160764151,-4.363527055331377,-3.5889402682551204,10.419550028408166,-17.14435426001857,-22.329594370339485,-55.69789987851017
-1.4446854271429,-1.890487424354211,-2.534003651106833,-2.5567864949220245,-3.5678364714280453,-5.333672385877159,-6.750327099464362,3.8323605353619277,-12.696733017303906,-23.113527130693612,-57.723495636467256
0.5847142530693894,-0.27382628295431843,0.22360579029891137,-0.44012268618629524,0.27686949666830657,0.4071470497740914,0.7082930788977703,-0.22752739894607166,-0.2417236234419977,2.3417516487874757,6.120794251397591
0.16531760443555288,0.4354606060714685,0.9996998657339512,1.3141203183232215,0.9806282646120758,1.491758044632312,2.39983588167177,0.4677025950771592,3.145637737505921,6.9092157178256155,17.12016240204027
-1.1157204909709995,1.4389286183316472,-1.2974453730564457,3.830188305175662,-1.3832414772231458,-1.5833341591936134,-3.342792420627114,7.412479529244934,0.1888956262904575,-5.131677704212697,-13.01300113284686
1.6492067287378211,0.3017440096070883,2.8629498180339867,0.4776818696769639,3.091578680583015,5.515865040920541,7.294870744880068,-0.47199046189885185,4.183122577771322,14.891396736491906,38.1579750583467
0.02612675177709418,0.6379029097706395,-0.9757284226004368,1.0678803969447785,-1.1649074838650288,-1.9048202782961814,-2.0750850492520847,0.670858278410238,-1.966303664853989,-4.610629442695622,-11.800400536850141
1.1391821491793206,0.15281150926154044,1.2902947749774023,-0.24369969555232562,1.434108923062928,2.37154170145461,2.2089351787495026,0.8731718802111762,5.122224632993902,8.387877268487784,19.916553549278444
-0.2489885824492976,-1.482767545288702,-0.11398435074020202,-1.8930907419932652,0.34868533169988036,-0.058002067531791185,1.1020830032776765,1.0180663568452035,1.031255407158754,2.295159502289909,5.386596886825206
-0.7449917344399848,0.5236396924566884,-0.20058449107070087,2.090814421986325,-0.6085318653598114,-0.041503384431050394,-0.30376372835390264,3.086264510400201,2.146742196322383,1.3649559415804937,3.9857684108996687
1.3060398087507625,-1.644654436963951,2.3531813655558853,-1.7063252758724592,3.078274485712104,5.677010005137543,6.426303444775618,2.5987773333777713,17.62363032861024,27.810485484954853,69.33006554649214
1.0358997526046705,-1.6586046552090286,1.571259694490567,-1.1780836388972769,2.153218065940839,3.270854034857874,4.813633646596382,0.2616474413533184,4.216615808589499,10.632245869316524,26.466487739025524
0.6693592420684666,-1.2460026854348643,1.8641955227866331,-1.6521416895051475,1.7226382152669582,3.725864254628919,3.2461492166878334,1.779138080333964,10.181486858887391,15.233266283464731,37.56056454083635
-0.35372751770935124,0.16914043664977643,-0.013990241123826852,0.03172000222290322,0.29282417711100217,0.28401690505150845,0.9734317743342897,-0.2532408364633499,0.21926409777308342,1.7871652204958832,4.506797885320838
-2.0589966018270283,-0.14673137092712094,-2.8085044109822106,-0.4821124863070462,-2.9973758118174674,-5.901362063624492,-5.832197851046556,-0.026901520246739752,-6.389412559159779,-14.774596447515409,-37.01554199207232
1.5855604094953235,1.6288591147657239,2.649241398613885,4.999098322306229,3.060925253204246,5.089328616208804,5.60557678313764,12.50700911184,51.84197134570592,60.52311938575882,151.17213926173744
0.23641183484396194,0.4807235321819391,0.8585418175166819,0.6597847084430445,0.728670464668342,2.2490242147764232,1.5358818696626617,-0.30755778017700686,2.199589416677907,4.44283985215664,10.559770247405412
-0.541635900270237,-0.9927573592705461,-0.8350250861546917,0.008232066615661893,-1.1988341940858742,-1.505315832236754,-3.100112484561262,-0.030924339568533354,-2.151294693757162,-6.090926998952749,-14.837334970572496
0.6098798616008666,0.6285220478742265,1.3370133344887996,1.6296871075295454,1.7644898522711288,2.6124197350628795,3.31697558130773,2.0131584254153814,8.559213380348877,14.222244408930134,35.579311825824085
-0.7727688059748852,-0.02468944206987689,-1.896434888481953,0.2577732583125927,-1.564551970565207,-3.967108094103081,-3.9513210276930857,0.7789205534158326,-5.204008710810428,-11.535026727438781,-29.448400140676984
-0.4905582289921762,-1.2870517548806182,-1.1425658471035431,-1.6188473787396571,-0.8272287418198383,-0.8992205564449591,-2.5156957125407793,1.2822808220197963,0.3404446189129974,-2.8201681778021928,-6.3254802400971855
0.8977736558278937,0.1570916305508496,2.2479891967406838,0.438528630083407,1.7369696057432713,3.6769368735441774,3.3664307709944774,-0.08603153106855481,3.9567367668560776,8.265158119487849,20.65329410501204
-0.1183803267469871,-2.2749622618644874,-0.4066064818810159,-1.633776358810501,-0.18556668970781687,-0.5280602088852516,-0.11545227195520646,2.001187846190338,0.6599130551615375,1.2745671370283795,3.0130947686092977
0.7944008697553024,-0.7496103531007099,1.4344192364542245,-0.4187886399434486,2.37526504908699,2.734938133852374,5.688507590387305,0.9987558731450292,6.1748616737280315,14.873824727324683,36.94748400163592
-0.004033625584072293,-0.9509041838873541,0.5828420468794596,-1.5522590513061947,1.4127779530433076,1.7970692725356738,2.340749663414891,0.4755555022728867,3.8769976273093945,7.449734927659524,19.578045786664696
0.7822929258874262,-0.7027273426168507,1.1192638825820782,-1.219328737566093,1.8294439605719153,2.1754145194466457,3.4897678243987857,0.3011105350209213,2.662994353392339,8.001361742523335,20.117080351102743
0.6637912885415991,-1.2454508652961827,0.8077565991241784,-2.105190577622064,-0.28838153120656973,0.31716524113025035,0.669783790033375,2.115905924701525,3.2944567303606314,3.7619017872583678,9.468587678267687
-0.2278680907663779,0.5816024959564564,-0.49265070138402234,1.6235154733375672,-0.6958836881131039,-0.5909472677118217,-1.2796122299263462,2.1356162148336884,1.4707972912779692,-0.6913813166974803,-0.9385212108648727
-0.03703957966405718,-0.5806812834245917,0.0651892969607439,-0.2677216831231308,0.35832791480170345,-0.35999316035771506,0.400326412660055,0.08014350944874377,-0.510380792274018,0.8754693255162059,2.531366407525799
1.4335316663361877,0.7568823831529918,1.4838372625032017,1.9510697840702398,0.8524594071587354,2.068292479263865,2.543736423931222,2.126251565316648,7.508233812942382,11.227788826386547,27.026487450875216
0.6395601883825988,0.8823895946741362,1.2343865479584952,2.5014593861966143,2.0660542107204556,2.5412260048539808,3.390954801520374,2.6491614552110283,8.984727321495624,14.165848971083088,34.9323656838413
-1.395876242699051,-0.6840453552095284,-2.207319844701454,-1.8124081732084478,-2.1792045857033155,-5.161578698829805,-5.141843515464713,1.1005583930516782,-9.30456423357015,-16.85633723566645,-42.147307484497006
-0.203366138387892,0.4995411756376039,-0.9446850276610983,1.211000059498276,-1.1849339294359154,-2.4514236566337146,-2.373691381040743,0.31146886458839806,-2.8045235685146137,-4.776556314556638,-11.354331094921193
0.28249000970448274,-0.35211182452464257,-0.2887239382761603,-0.7230880484025342,-0.05783219381412208,0.4358136553202461,-0.8179151383377876,0.20759951521093709,0.07184645375241239,-1.381760954291893,-4.478620958616448
0.253969772321085,0.9871668549405547,-0.006264565065799255,2.875727114731486,-0.036152909910374426,-0.9134164401277605,-0.290665379883077,3.2955310232332655,1.1443793316152329,0.3796495303266704,1.0732267028307845
2.4872402161134732,-0.5594943615702187,3.208891198670778,-1.4804886250857,4.406486532176395,6.9947754988497035,8.851441761258236,0.9468938356350001,12.14224381776926,25.106155501933987,62.947609120015095
-0.8297951602479083,-1.8721777121513357,-1.4392612830773526,-1.9537056764471001,-2.0107808471439013,-2.6552462243684456,-3.7851581998470794,2.1915855942880618,-2.4489470804695,-8.218983343589173,-20.697977877246625
-0.4976315041231069,-1.7158897755974065,-0.5731208922911296,-2.2200753313506274,-0.6153485542233402,-0.3213739898122647,-1.157059864053277,2.156007840320398,1.81938896617183,0.05544202629326024,-0.5196673337353402
1.4366938901236674,-1.1361775552471576,1.905890366741922,-1.564654476149288,1.5459001507640464,2.9663976933567446,3.6969534247845055,1.054303124970578,6.288132018089295,11.917995794731604,29.48619052262501
0.5084230434932628,-0.49180931762594343,0.41032549395997436,-0.851798160883664,0.49575091019768486,-0.34163397831231457,1.163160196752963,0.3872845305429085,-0.464815779692739,0.648015638722839,1.772607811038952
-0.2602902271979707,-0.4696251713237678,-0.40121076884482465,-0.7430790119864353,-0.817338692167396,-1.0019021822442213,-1.823820972029034,0.24970039743208697,-1.3709595175614278,-3.626600355709221,-9.507068752184964
0.515885917717499,0.7044101574940946,0.9647337876850124,2.0172685516106967,0.6638030782877102,0.9036653115063092,1.9166121888062035,1.035854076937789,3.436658038629669,5.747987619374971,14.24838299051362
0.73615907943286,0.22246704988756694,-0.04989408237842907,-0.22017542219219977,-0.22155340612992802,0.7184888744397795,-0.4612200065644554,-1.2195162677911513,-1.2182364680532092,-0.9486721139777978,-2.413575004949586
0.6586775488476231,0.18503899885637057,1.0297081820819747,0.1300042183239868,1.1642969469633189,1.8034288754470555,1.4717698130530534,-0.31362278406479904,1.0706404682901467,2.803000474660645,8.091533661430676
-0.09085929397287665,1.8790121989112953,-1.3205828558573192,6.742403152527041,-1.130003464541006,-1.8177918252132588,-2.199088701409307,23.02042069240274,2.7674633548599514,-0.5146424542462924,-1.039426294026393
1.0328599407374144,0.18973861114272644,2.1858957833105315,0.6937895616844638,3.2855375253673795,4.697441794275047,6.048454044854973,-0.49876191500728373,4.5835924933005,13.505643690985819,33.87892811791061
0.3619193389704355,0.9799016847493573,1.6566847166826524,2.5182799363277457,2.19062544052176,3.5648815373735063,4.0829159396125085,2.8962325616698696,12.557968155364568,18.406196921708926,45.90973555202752
-0.3107427727922498,0.5762434137683753,-0.8224641127602316,1.205955694246174,-0.9775924625162321,-1.407934854691188,-2.2573425989856353,1.5895849441651233,-1.9429029394788038,-5.839347731711845,-14.841928968287363
-0.7424282328704721,-0.6449262001168354,-1.0562002350704787,-1.2080706957265699,-1.1626743754745126,-2.128920851358258,-2.7271689378737,0.720805846656689,-2.277823070271354,-6.353303930789683,-15.730000944199354
1.5246781374583098,0.24937859240045837,2.414180552344134,0.6382124256792759,2.6122072829510365,4.382715158744862,4.945702650488324,0.08762535995895271,5.426693347926488,12.972333399057304,31.895277820386642
-0.9301853288948487,0.07854173049830494,-1.9661683152297695,-0.240815529157011,-3.0738558747463314,-5.053634488925573,-5.572487170497453,-0.6913549829433593,-5.295499500241648,-13.603851868751757,-34.50470933049804
0.08097003327100499,0.2808109190759339,-0.5337375473800645,-0.10409697376511517,-0.7512808994977487,-1.360752175290161,-1.2070962536358674,-0.8468320902820402,-1.3433938564992878,-3.431518599886028,-9.240714818042287
1.375104584479878,-0.6098880701261831,1.9842098900770253,-1.2319754975517918,2.640334356407234,4.5886390126207175,4.384275175053585,0.470377437170088,6.655359784088625,13.503820276284914,33.463052182130674
2.2385290822289483,0.5435732720622121,2.8600070238963293,0.39170863268349054,4.051556188554599,6.569410975288096,8.377346275798867,-0.05452497795175468,7.216811083445957,18.9486688454223,48.0938234062297
-0.649150549258288,-0.42788655761297234,0.00026280875928963443,-1.4992726365841014,0.533748577698416,1.4854789682491139,0.4819504969377142,2.0117126787017994,5.88725764954323,6.413629061304135,16.780096328082042
-0.0205487070553697,0.8211658602151257,-0.3745903382755855,2.502617631347646,-0.6465375847560327,-0.19561273243591204,-0.9308701300760568,2.249346685096667,1.7511374211590178,0.2194325154576733,0.09391146314001292
-0.18911274601306557,-1.3630412935638663,-0.8386761196700393,-1.3676368589631227,-1.9998932700904781,-2.924856165932025,-3.238792935994113,0.6335055166346926,-3.038025313899652,-8.28443617630811,-20.138293130085234
-0.3268330103048137,0.5264539422069328,-0.9743326461597183,1.7470696977560185,-0.937300766386955,-1.1492278857626945,-1.5724526932997884,1.312465693419903,0.09392794585676878,-2.2795582698642356,-6.025599617286256
0.1382635901314382,-1.6556132232260237,0.5418459880155547,-1.7793553214971498,0.7331838121442057,0.7817956358813078,1.0679246390674726,2.039623494106348,4.710436023512553,6.35047778310231,15.304568294564243
-0.5105926317562886,0.7683607229972166,-1.3092118939672213,1.2199221999157137,-1.5091882116727522,-2.427803839103352,-3.1141602786296594,0.07135614808368551,-3.1992892903160777,-8.405222701527471,-20.927262274812723
0.6839017049272892,-1.0849629715468145,0.1959208814073513,-0.7509929417780807,1.0478377636211742,1.2756026636793973,1.3920745510868258,0.10127678814459093,2.279807965343317,4.539460947732611,10.523890194306086
0.15808468260382194,0.10320068881451396,0.9546097746237449,0.09493466834047061,1.0005669254111444,1.4676538173678866,2.6753812854401535,0.05234245293620004,2.368967950570047,7.165789751729621,18.076468907208874
0.7539265957507031,1.0584607781431363,1.268111543548407,2.3568423258616176,2.0728462025285768,2.2792722800018437,4.22640258320595,3.3949516468871024,10.326357373165846,17.510472387823842,42.81651409666823
-0.3703741849001195,0.0037690220622204006,-0.5696335893474896,-0.06801149064005808,-1.0829353451395414,-1.6754323146706922,-2.4771547614791753,1.0091695518742345,-1.040925472299405,-4.959128620412889,-12.440798435383693
-0.6519530472241672,1.205579021734119,-1.2586286826887836,3.151670565532992,-1.980945495693299,-2.6734161668417884,-4.013541990223111,5.8009027557031825,-4.407500128402366,-10.43403289867192,-26.60020167382409
-1.8487206180469966,-0.18609781194387762,-2.9348303350523155,-0.28689685338972315,-2.6563526741641184,-5.327714620758354,-6.214469126971395,0.8371645923779986,-7.27486320926921,-16.309839085169596,-40.481072620683896
1.8522325449078798,0.5800726932637883,3.458181552140647,0.41591038052925267,3.479204386013002,5.796673939954652,7.613829608978059,0.24209959668353548,8.090839147459002,20.052889405369747,50.48747068446623
-0.3624373497225745,-0.8436543444545082,-0.5986615647560605,-1.2381339965089373,-1.1994621621073174,-2.3947909095105926,-1.2585357270848245,0.48271045726895273,-3.826227503860308,-5.362268635758762,-12.062067125367767
-0.6348192394518082,0.7042582838695332,-0.3518910827155053,1.0181551223879393,-0.8021334569859027,-1.6461418472504663,-2.4675971376907464,1.1985163130656156,-1.5211130111508275,-4.416542823179638,-11.24468268018004
0.8448439514883624,-0.03096467299660924,1.8205450424910423,-0.058491317590484225,1.5244951045678556,2.2923643953772896,3.350443267685278,0.725839839610122,3.667890286167098,8.477706880893914,21.828529100771195
-0.8301714391250601,-0.41343658914649517,-1.4638370860226866,-0.5296364284688605,-1.5670586830656164,-2.8115411701223016,-3.858305035825381,0.4198386603067429,-3.929600065141825,-9.76929494275568,-23.984899478696946
0.026016137458138383,0.4721788493978609,-0.23138295718067536,0.3138046498825472,0.06779407642611357,-0.4485024344762478,-0.08301368500733383,0.6429315528567101,-0.48403383635149366,-1.0395187352905708,-3.0717039264413195
-0.18217908929216137,1.1710953056788758,-0.9122956750018033,3.076660602906473,-0.6817109788486404,-0.5771216275231187,-2.3201962185904144,4.883324462536953,2.1204680067418016,-1.8015148956312714,-4.001027112404325
0.7569755318687438,-2.345158050037382,1.438053738735646,-2.167964130912836,2.1083421059527208,3.3893198676538208,3.9334418083624145,1.7938772409417514,9.137219847086028,15.451846710974106,38.69497277752684
0.4403509232958001,-0.6343220929584409,0.5197367057201943,-1.6454483612218327,0.26871601314185384,0.9778351498834982,0.636493740383782,2.38990043042173,5.342705187538201,6.2565209666229755,16.96487048787546
1.5887782168245375,-0.4482182514059979,2.5349948954161228,-0.03459341249359649,3.5407059374624916,6.248381973756898,5.766684209881917,-0.7440534038253971,5.112661711577054,14.098333274501009,34.43663058711228
-0.009091729691622157,0.10246465096432644,0.027249694274033332,0.851909482283952,-0.2556297915790766,-0.9980624839318526,-0.41211502024210994,0.6313002662233281,0.23335450533952995,0.16824600974074244,0.6807292377852866
2.9860861541263204,-0.3504709685687375,3.8547103940038374,-0.09878234969738642,4.0813370122280315,7.941384573388067,9.258282648638517,-0.23389745763015266,9.345307358615138,23.359033050923568,58.89107733606679
-0.08160235274634893,-2.133403607597026,0.6209185858661923,-1.5587611703109587,1.4398021474645928,2.10475806900057,2.324470119430527,1.193991509235844,4.932472088232476,8.105560707478817,20.426314331044797
0.3220260376600525,-0.44072009915299265,0.8553120482050534,-1.5320012139852488,0.5038754746906563,1.1296434075298183,1.9002783140182409,1.7316132633774517,3.7114053302357255,6.3813412907834275,16.133025774557872
0.6193647499744366,-0.261008607035433,0.9439604379858598,0.0345439725512946,0.7184345664115986,1.4819088909845832,1.3278267309410139,-0.36410161970542365,0.9127450701332944,2.8080498541900765,6.877182452319991
0.22034012948530396,-2.03829818140021,-0.024708793144992747,-2.208690020840203,-0.4646042770619964,0.18078763031176387,-0.8032613730849907,1.6237433280806854,1.8775332426369755,0.2600825818947619,-0.48632262806652304
-0.4810998430056145,1.3609063146670917,-0.24642705575711543,3.5744950021956488,-1.1055823576207995,-0.9074180387008064,-1.649201698589802,7.311243358591031,3.439399008827579,2.450405578927522,5.746238650616031
-1.479247274746136,0.597041848118872,-2.171615607001262,0.6518767660418331,-3.300603788059652,-4.597744333156556,-6.31931318886124,-0.37307104261134827,-4.580092560334875,-14.068657081470555,-35.659662239230535
0.6455894292316653,-0.382725888155889,0.9807690742436999,-0.5318008376776888,2.0667119102012244,3.1176784864642775,3.83200601109862,0.829786710370029,4.7580803943247965,11.033252099347783,27.103255315825656
-0.5895510567780244,-1.26295506105697,-0.6507772873845795,-2.9328525527387947,-1.1345456103260019,-1.4139505161816526,-2.382459302105568,4.404262002195896,-0.08119940425258504,-3.4731932900982683,-9.438902640092648
-2.653509641623791,-0.4076678103889759,-3.6755954351348135,-1.0938982525136258,-4.272172986190788,-7.6228601187238105,-8.476313295758303,0.4437037956803056,-9.780426897063345,-23.227648846146984,-57.66325085646582
0.0974797862314535,-0.8977064736965097,0.25789031762003073,-1.432952251749352,0.016675636664075177,0.9200691568562763,-0.36139300713559575,1.2120303360739078,2.6932458254058296,1.5979198397953085,3.852157495323936
0.5524277084088707,0.78340444238117,1.085749061537367,1.945357629123897,1.3117892625617882,1.9181511357220036,2.636993008578156,2.1903742174367853,7.119420257842163,11.259315549973014,28.766180465826825
1.2312427469216316,-0.08972290487941458,2.086389084636652,-0.20810896916012042,2.2749907083893657,3.957683745296581,5.586144630945512,0.6883347119519437,6.8438015708904105,14.569333920902814,36.56253141553269
-2.0885849328477346,0.12500227014266696,-3.2037232565579234,-0.33438260185184865,-3.806475765654605,-6.2061004466683665,-7.9964171656000715,0.41754055622584735,-7.669072750753538,-19.798927777435406,-49.83566176508097
-0.392903481800364,-0.8801249389956781,-1.3100613062313873,-1.4191397008454056,-0.6897220962921233,-1.108270648367751,-1.9979761973696921,1.4835264092067104,-0.617985944722717,-4.300727459036363,-10.912044363679742
1.3713855517089297,1.236329420957455,1.9059718139227109,2.917306660031586,2.8328694235712355,4.115529650455143,5.569900259694546,4.38358399116767,18.630440723491972,26.447371419317992,66.52922776358284
0.1896296053407888,-0.690509334183707,0.7279380542319487,-1.36624750607511,0.8544910705526286,1.9028514913934538,1.9743914258050308,0.9190603732114755,3.867530809673426,7.381512196138602,17.984188437256744
0.2590535237003496,-1.6799819990649667,0.28488167325661146,-2.1009246827409274,-0.41067041030431384,-0.2133703261048628,0.5122541241110131,2.5245600647411988,2.8014006461505727,3.297912712090606,8.588347077347166
2.0902621822045173,0.44140828880253874,2.837374667638131,1.1834880986614216,3.9660591119007744,6.550720363856326,8.471943479754946,0.4539080511285052,10.43212056243177,22.768563183782444,56.64922304602846
0.42877429486928686,-0.567757748097086,1.1227530360594034,-1.2266941368246265,0.601741854891057,1.8916980023342056,1.7698944170300144,0.932469063152058,4.182746341752366,7.322581962080647,17.961611802589232
0.7050353568884347,-0.49707850719496455,0.8958602997969993,0.0858615975574365,0.43293763302190613,1.5235806342062304,0.5561044411056586,0.3050939039075616,2.5917023244833817,3.4367195717567234,7.4622517384483045
0.5848504381760238,0.7073084208687433,0.13715623781664465,1.3961393361436847,0.19895637489544563,0.11195404214740551,0.42188887410813064,0.5231367920144868,1.530084298278931,2.4902672953512877,7.080711821887627
1.3646519632936165,-0.17819487172860468,1.7613190176739906,0.2385659621758328,1.1979123367650073,3.2640130569981594,3.1115746077780035,0.46524311776792227,5.379699981060096,9.099990116378919,24.225771903579613
0.463940545774188,-1.968045332163406,1.610847356071904,-2.301906805615598,2.498156861160521,3.4549791044901967,4.363707918540948,1.361216133265204,7.8901652408323075,14.308321458281231,35.978578560958724
0.5738825586541152,-0.14064531495584479,0.795694484318709,-0.722251980206033,0.28259370580256804,0.7424758784025374,0.5593397430937185,0.03737854713915889,1.0425323303485874,1.898737816702695,5.417672754910616
0.68773364153131,0.30067507751371314,0.7373513901256223,1.9587060731077455,0.04250986088696018,0.49708853667265945,0.7912196757752943,1.419882887785418,1.6146183925451445,2.7088854228969312,6.479004078203275
-0.39589513856564246,-0.2667047004237724,-1.0717803782949276,-1.0274816948320855,-1.4243129957019167,-1.936245091723502,-2.9046058176533522,0.5793405476033406,-1.9300907199859159,-5.97809821626748,-15.395282802888186
0.35160176294416595,1.3952145245355194,1.5359929614724552,4.110529667807451,1.6029266213200886,2.434582120280981,4.277194470809746,9.022875941022466,23.31758563438787,30.032625739420656,75.54457026910342
-0.06386859531246974,-0.3905862984218556,0.44564305750146627,-0.10196807550802456,0.8070481315734586,0.27289954582873754,1.6052688270349893,-0.7385598980226955,-0.5821284069352333,0.8412627316132847,1.519246325274223
0.07578978297413064,-0.9797888682844449,0.023530577104983658,-0.6337132455747811,0.6106369108013996,0.2041203111078302,1.2820143244388211,0.01473708487913028,0.44631661965632474,1.9964074469969455,4.483831192551885
0.02783451853879462,1.0367205638310506,-0.019398865001581965,2.690720420771058,-0.474739103063282,0.2894933426326503,-0.8727508270185621,3.257548982584386,4.930327639168491,3.916048675094223,8.53969964875789
-1.2953563287492913,-0.42933789859911714,-1.4904412506245115,-0.9142797890297787,-1.5248711843741927,-2.6414073062137358,-2.7725605692577795,0.27269345072317575,-2.6919547607993985,-7.196426973744866,-16.885059134261237
-0.3347196054964375,0.9016522061065995,-0.4503271096786161,2.0340128250703655,-1.1429551256979367,-0.7508891648035552,-1.7674289126463287,2.4485354034615385,1.1211295376793502,-1.8212984383981667,-5.471167555979428
2.0469132738427,-0.7585219315050553,2.0971588120185034,-1.0148749300991924,2.695869155563681,4.589719217663783,5.427259276496523,0.8412192755379746,8.988355883161512,17.113229328854818,42.89057367615269
-0.6599615959819978,1.3201779596971237,-1.0879381418921836,4.373083866141165,-1.1192866087770073,-1.8634596815757412,-2.1760670978333048,9.032239237838086,-0.23655858393335638,-3.3311002556260374,-8.289993909536316
0.6244365155797572,-1.1847900951094223,0.8793707321072926,-1.3402467379401783,0.8141164638279836,1.722055474872473,2.579096064864537,1.1201188815220338,4.251194546643636,8.957024378229153,21.95105316809906
2.7114572603405143,0.3342526464145517,3.795683662405906,0.34789185576302273,5.463047980125193,9.255038464530749,11.118449218398602,-0.4160981680263188,8.649713647818093,24.96676508584957,61.59041945674149
0.02961491416746918,0.005780718382382636,0.5449418673760204,-0.08713126803454449,0.270837204060296,1.4312367625724194,0.8236862613440747,-0.927313543948737,0.4795054615952248,1.749971309158288,4.166779664103936
-0.4081230329465082,-0.025345087317316446,-0.0481240380618998,0.5517345083920795,-0.8352972262871159,-0.8466954675024744,-1.6375238885037555,-0.35444322524809624,-1.0408309295044353,-3.3404034375518443,-8.796559210245066
-0.7658283979185089,-0.37595759553925356,-1.3117195740768917,-0.28950903527222555,-2.282190687672728,-2.989971845930687,-3.6238683356804384,0.01621828858428187,-3.5096790672987943,-8.05763485834493,-19.300642032877434
-1.92844351775936,0.2528182026660334,-2.2685427071154063,0.6515505192663056,-2.775594088973631,-4.312367673516004,-5.627914271072809,-0.24933222225121454,-4.680857314705783,-12.635364129988128,-32.38444720637742
-1.5587060778057011,-0.9501621692431567,-2.2504802826955053,-1.6772359694486476,-2.3564652495845158,-3.885683115075408,-5.909363639880452,1.21267404717637,-6.27270847966896,-14.065053597847275,-35.81148334083728
2.3594228351524964,0.49018125372029575,3.0977379814737915,0.45244037121719727,4.0172245991335,6.484722073079502,8.211955548416245,-0.4243857355017133,5.4566535115205195,17.964174205730558,44.90470146358975
-0.33093983810686806,-0.8732128549867192,0.17043284267584258,-1.7608842173473966,0.0048796878371508146,0.7240464597304248,0.4069610595538875,1.9890112353258032,3.818567808994437,4.136681519317217,10.894147806133153
-0.050962920625366795,0.509419546636514,-0.7136590684090176,0.6854625085995878,-0.6025773660250713,-1.4022803010259464,-1.8426832861180096,0.20877680780814814,-2.1117884757566108,-5.067533134907437,-13.535120083240278
0.02649554880445996,0.44921063102524456,0.5972460634037372,0.9872868387222956,1.0102584264139802,1.6824013092821095,1.1961575544153447,0.2795167631332572,3.2325924531471824,5.025020582910057,13.57408228621469
-0.5090659234154724,-0.6375107389453023,0.16084934660485994,-2.0185549002032603,0.5239361014931765,-0.48822441472054556,0.5637356653129654,2.99942014358616,2.2275417457392463,3.2121674554815423,7.8210064813919455
-2.400587466581077,1.7243095334073295,-4.5081234368098055,4.794156840588975,-5.742491050115567,-8.544494064591037,-11.302076692079266,11.805938756182925,-47.386395683340396,-65.00818744484751,-162.78627023640348
-1.4971033710884187,0.7760646737095359,-2.1995274380776992,1.1558800779518845,-1.8074717024027052,-4.709811267444327,-4.705072997335552,-0.3788164842694458,-5.813236672779424,-12.944715881621873,-32.90539733462723
1.2945594114306922,-1.8092396698014486,2.566352142231422,-1.7879211467001979,2.726093619174649,4.918148706782716,6.658693733037333,1.1336120048592422,9.969185652276172,19.123694501793775,47.31562045234431
-0.23450600697076052,0.3372861787008758,-1.023997102958956,0.05260380410310361,-1.4062585948908883,-1.8263788259641502,-3.279734276727279,0.41554346034393086,-2.188004910646459,-6.742354331792708,-17.351285224739733
0.18449677640386158,0.7555224158339398,-0.15131747236366822,2.128567837691023,-0.6856783617750681,-0.7684457914918635,-0.3394390875880875,1.9663843917503756,0.41669293272092467,-0.5271998705408194,-1.76289696728844
-0.7022470315392384,0.8024146133344974,-0.8898361889536102,2.834236576583592,-1.714726045767279,-2.7548987028925604,-2.8401640021491343,3.783053047168007,-3.994198247198476,-8.19180473835437,-19.606048775953223
-1.5425653712360812,-1.2101654008724483,-3.1802983614802116,-0.7949144692878303,-3.241722494124578,-6.051907954010672,-6.722381517290687,0.9970858969909029,-8.911891854511,-18.31093622264109,-45.564716363794034
-0.30982142677214164,0.37799357428756125,-0.7733039081057257,1.4803040442297348,-1.8285033866177751,-1.7730996356195456,-3.119622406664677,0.5221605968138411,-2.366379870480062,-6.7291694265812785,-17.381377191595746
-0.3100189642614783,-1.4456089470782438,-0.7607630379749324,-1.8673915552316709,-0.8330494279598812,-1.6722269096235198,-1.451938573657811,1.7270952786806617,-1.1744238403698675,-2.5030216729308923,-6.066853624666672
0.22331051347492414,1.1047756873588401,0.4933483246684559,2.1498794947350532,1.0155517637067137,1.6485364684062886,1.3869991888723188,3.0826098115067975,7.855475761869968,10.30028516643455,25.37143587994215
-0.3389657794397838,0.3252684562760877,-0.7459530614720403,0.49861589799300965,-0.7996543334073789,-0.6241632026803002,-1.7894899360642729,0.17352343434198705,-0.8677817420239489,-3.7632894213444517,-9.796915150040798
-1.1716795493877912,-0.0772195312045568,-1.4418002050208767,-0.9037927546412441,-2.245664892178314,-3.8413663548750905,-4.446313817943927,0.02912071164953034,-4.547808723341493,-11.349400492916951,-29.064784402421825
-0.673076323164084,-1.0619967067489358,-1.5658670670626256,-1.539975169326687,-1.3859262187405341,-2.7134463359464545,-3.72812368998525,1.3666308411669967,-3.624898527762845,-9.632731646444562,-24.110016972716853
-0.0641601074619801,1.1591871968200653,-0.15921754735101312,2.838919478887911,0.3025873913540177,0.15596942838274588,-0.03686443954739338,4.141326494745695,5.87771323696331,6.02112090707351,15.605909136689972
1.394955044817654,1.171825711808982,2.5401919771377885,2.9620680348833597,2.9697502098941198,5.014727453605006,5.021746926141892,4.156598795144651,21.543430555935096,28.646724751459608,71.46757246193836
-2.1608870565809135,0.08807975792673456,-3.473902683542819,-0.9441063015746755,-4.053819489259655,-7.034765338142874,-8.617651375476976,0.5557052064002337,-9.311108601675636,-22.457915914359273,-56.70696491436035
1.078219153552172,0.3661520637119792,2.512018421135842,1.413280057042677,2.6793051899415867,5.679651447018774,5.120827099576215,0.9926439183237817,10.815293756499665,19.16393507301761,47.652412023138794
-0.6940506589050757,1.5021077846932058,0.03129327668337156,3.5500385585048124,0.30442108857477307,0.18169481694650372,0.06166091368254484,6.118939175802877,7.382972633189783,8.156780882352562,20.754512818999885
2.4056366386304,-0.7079683531112471,2.964351887523671,-1.8315148557007888,3.3737961622113417,5.658784094283156,7.334833185208388,1.2869389557493525,11.965452788858993,22.320445772676415,55.11680205367959
0.3616072240841112,0.5684663054004684,0.6773372083266314,2.2679274376846896,0.5738629365518955,1.5290941406579048,1.6518879804494202,2.9553964933619152,7.447156153465181,10.069751192868488,25.72255769856611
2.277622255364708,0.15357366717012966,3.3393672928303046,0.38071030395746486,4.156273273144479,6.8524604776632785,8.058578458893537,-0.7903373085762615,4.928781239683227,17.22985680522409,42.88508031742061
-0.7543607125972746,0.0027877515949519065,-0.6065622092789101,0.42696801548385055,-1.2285371415301194,-2.285242375079868,-2.0962984570805427,-0.2240068262643533,-2.7662472426734466,-5.209383581837512,-13.815590432764786
-0.2939007661086069,-0.09939128765759117,-0.7151835664012174,0.000568427671748778,-1.7697176446263243,-2.9319506790389367,-2.6939383000297195,0.28530433210522327,-3.168644396567916,-6.397229776420873,-15.688598636447601
-0.47810760170776945,-0.060310261630651944,-1.5007660034015597,-0.6100405636485162,-1.960383819114584,-3.3398608525952977,-3.7877642687276354,1.2134381012844986,-4.818545345542329,-10.663519373391912,-26.310341752998845
0.8522660905386388,-0.0547839325030467,1.7630457156111148,-0.3907183358499074,2.340579190551528,3.4821089998739705,4.761706909226826,0.6455537583022929,6.012001720732056,13.574683249248407,33.66936910326553
-0.7978727551159949,-0.6380248612476872,-1.68786867810173,-1.6052521562981743,-2.489963457177763,-4.752772886093062,-3.9822113973616884,0.9533313489486708,-5.899573382288605,-12.277030736165058,-30.82563530906777
0.14582625464480678,0.391069591342355,-0.09214605488144167,-0.10093910025788522,-0.6863330221436081,-0.675229363855297,-0.617095153295526,-0.514702581811523,-1.0657574168331687,-2.259205798911315,-5.392855435093335
-0.5657304419568218,2.6193224160646906,-1.3350868235912536,8.264424400185304,-1.969473675745267,-2.078845234065873,-4.3529450580976645,34.05685191841891,-0.9534706195363059,-8.234037924252709,-19.642986925044255
-1.2866421039845664,-0.40212368208634475,-2.953806605192747,-1.3484798194358043,-3.9704225708478758,-5.969610455633875,-8.747239142363641,0.4663019108036409,-7.6363824512932785,-20.894673157092278,-52.44479937083065
0.5346022208119514,-2.0176557570511653,1.3389790814973495,-2.6916311702626956,1.3022682227291176,3.0315625146183005,2.9707781213879842,3.6615660008150255,13.459704972680832,18.17731859185133,45.96064815614416
2.0569120376022965,0.10203732394082994,2.821761169125315,-0.3343890309710488,3.1221680486239825,5.29754373967177,6.871567922126226,0.3675077951633119,7.475866811019477,17.550993374161926,43.834532521598554
-2.507913532611258,-0.02862614599602613,-3.232235354285903,-0.7344808069148906,-4.5614044061697046,-7.379910426627244,-8.215649266036282,-0.05373537121668642,-8.892332872289087,-21.4455459389693,-54.15670639477502
0.7137844188127795,-0.4543415401978481,0.960775829590069,-0.2805137689263243,1.236766983273385,2.8343790398057935,1.4223671271186655,-0.19451043808614604,3.4046422492587376,6.658147751729359,16.21985917555265
-0.09523952216405943,-0.5679373783259247,-0.5196485529103585,-1.7317023199285084,0.263882945767531,-0.5387714032753823,-0.07936427380347275,2.0006876199858716,0.7877376342687065,0.9162192063966952,2.0953180391199457
-0.957700838211313,2.5688410826419674,-1.8240550946044056,8.00867585287624,-2.820286966885658,-3.0979934876800237,-5.246238289384618,32.23960502587389,-17.964865729861142,-26.249821434977203,-65.55210018141653
-0.10163245817151564,-0.03999681161842144,-0.4368928075529456,-0.010566951620201645,-0.14391828461749567,-1.5062199483414644,-0.6034983033726746,0.44970608864573297,-1.172389013351256,-2.4177073837898657,-5.223537870948606
-0.785302291407012,-1.0995382778876412,-1.9376072874451835,-1.2292579573591904,-2.685428834376703,-4.58801942839711,-5.144440772250212,2.0340903964839323,-8.496699096089943,-16.023735046374945,-39.684941280915126
0.10995841362029662,0.18888862814206245,0.34962238086360425,0.22042681599959832,-0.6471196214889682,-0.6250673186019675,-0.8490500586396703,0.03530293442239916,-1.0417890188434917,-2.5281256909043615,-5.149994346214567
-0.929367009994492,-1.0636734856204653,-0.7441013671027872,-1.7636865085603637,-0.5440600696875186,-1.278246568588865,-1.8865084491531783,1.404189552788912,-1.488342674342499,-4.558234244747675,-12.33913289160352
-1.3388992076266297,0.10511658497638207,-1.7274837631552724,0.6106365345977982,-1.7696169231360224,-4.208320525330088,-3.4398722995503466,0.40334189684048016,-5.582700038877061,-12.186786914523417,-30.331706880228985
1.0923480438801834,-1.524542160186277,2.1048696548598937,-2.2316115133696837,2.4768530348322164,4.063263073294055,5.896915811784884,2.5386061830692555,12.912277724524007,21.920691251596896,54.741533553637225
1.1028033381874502,-1.243762464041331,0.8340933841114031,-2.23021620589315,1.4380392741232702,1.3146879143695327,2.5397683886384548,1.9277101088261586,5.335772236898685,9.183351338203238,23.5691094654386
0.8906394662179031,0.13240798328882397,2.161388220630781,0.3758031204554399,2.2834011297775425,4.1823265045622415,4.769135600406929,0.08621211741547075,4.7884892952057445,12.734250680021724,31.40563863735049
0.741585917904664,-1.7855467320320864,0.536436258396273,-1.419242797582725,0.6846261482968753,0.33682274845871496,0.7109595895735222,0.3461347965445155,0.4414796291938431,1.345622724681572,3.7006111757069333
-0.535476331052545,-0.4717547087465239,-0.632017794743382,-0.47680408856069123,-1.207995843407878,-2.386588307924469,-2.2272515551842673,-0.09295548893819341,-3.3796878612310954,-6.961785528588745,-17.230713562957824
-0.14236529695928735,-0.10045094032261999,-0.3082336501361913,-0.40031189804263734,-0.5536180700023371,-1.5058726899208574,-0.8633170068987381,0.1708944527650585,-1.1595744696832104,-2.0989374017157556,-4.839908455342063
0.687216127028962,-0.34126667284101814,0.5995834257785542,-1.0199619048299562,1.3153890796060312,1.7606679293088912,2.1584016855130175,1.0339918398235675,3.6541111407048965,6.970977008492604,18.45008260290028
0.6766401041303635,0.8515933317865091,0.6611105202816288,1.707128223844002,0.3141744683783242,1.264389983418624,1.8391118722710145,1.2478391609150277,3.8362256815065163,7.258151525675189,17.44066548029638
-0.5928738350963668,-0.11087537394967424,-1.4421598686581316,0.3082586367014264,-2.0718810449971996,-2.3783388627925355,-4.375555649669838,0.39551923644714043,-2.71598550531283,-9.073532806795615,-22.93919089051725
0.4839301589433759,-3.2770385217566815,1.6223459448703377,-0.3848114438329918,2.6190540821162767,3.630876083007878,4.537210284638181,-0.31909601596134174,3.1200272920114527,9.29468792241091,23.208292907212982
0.007760574799040497,0.7654810818057564,0.914717916816762,1.5068418174699243,2.0403670802552036,2.8500636824735004,3.362186484556579,0.688190407233233,5.737498969338101,11.044089319821696,27.457133201378646
0.6764107849118256,-0.08597001832894478,0.5906622516623674,0.24789959153706498,0.7857932089503287,1.4873605959140133,1.3022989273651033,-0.3383214996332309,0.15204939762613123,2.129628159883102,5.254974060631442
0.4118159359095032,-0.9919587876857934,0.30607339522720434,-1.0507377063796728,0.5623521432348573,0.7388480575161251,1.2848622778509675,0.6961019200775146,1.5981711836891215,3.247638789595167,8.182044782507157
0.14260066189240647,0.8568350159821403,0.4033839230054427,2.7243970676163105,0.1486776508738637,0.026307438452199516,1.3831022443997634,4.98909681627193,4.830618091418667,7.796927198359251,19.78427061332009
-0.7430874073122805,-1.920071212901126,-0.8997693092786929,-0.30634376504712457,-1.082507231346602,-2.1905027287839824,-1.5688955836911989,0.23838367697646715,-3.5127691074250835,-5.974690258362272,-14.347027015733962
-0.7976160725225,0.30375845374359256,-0.6929185022639387,0.9298060543813311,-0.8366225145591116,-0.8525009380583464,-1.585236700169661,1.273250982457132,0.13172111188642993,-2.166184530097783,-5.989324979652413
0.7630507293759423,-1.7604392613700002,1.277007502229492,-2.834859270453617,2.5869070808305406,4.094116424153362,4.593555532242632,4.0567959166387215,17.744843488086143,24.62774542799624,61.96042480390858
-1.655451433947021,0.09908778909790768,-2.2978109691925486,0.8454254785261722,-3.562170695834812,-5.108993313859149,-6.986453162293043,0.49547269024281015,-7.589812670576152,-17.698095567453528,-44.50052460827019
-1.3617042217737736,-2.1961208967059194,-2.5794871421357914,-2.1529948265810037,-2.2845395359410547,-4.804929307677095,-5.674234966469136,2.524961741500388,-9.349594833723884,-17.672407338981238,-44.379607728795996
-0.06451219170484256,0.5050878122376119,0.2064515988522446,0.2553205731794431,0.03969680818509008,-0.20009287704115464,-0.12311003354457856,-0.1926770359683397,-0.9297789587307133,-1.487984689321825,-3.518805932132342
0.022531013253195526,1.0255016971048214,0.6639589500531986,2.342115416858034,0.7003309273372433,1.2159350655639347,1.2420211122183966,2.428288079480827,5.360747782610513,7.47188381242195,18.64697280047566
2.157546326190676,-2.7875696014274083,3.2256086595625657,-2.0480311362983143,3.436820484809694,6.5236346640029055,7.4082315113205555,1.8080515678305662,15.455351877072635,26.739929193075906,66.16417467272568
-1.0648743780635246,-1.3362030953409085,-1.3916149707976322,-1.9484361057729225,-2.1503517364462184,-3.4514256892600406,-3.945723405947301,2.3219009137076365,-4.849702943438929,-11.085770411002239,-28.369537355516567
-0.3282765551172789,0.30351616447212737,-0.6812243020019987,1.0749391273665738,-1.6327858242992372,-2.3615914755495395,-3.631582634002056,1.4719739553325617,-3.293600400473283,-9.173255897948682,-22.535014380943657
1.4881289892985292,-2.062624201533365,2.3465349269241,-0.8095974283943008,2.1841066315597804,4.359566110564181,5.413033829631282,0.5421206863604412,6.058876361838208,14.133421828162726,34.98468610948333
-0.8651614290017936,-0.7182366155669121,-1.313496141483066,-0.218508485832696,-1.9598613690560551,-2.2889889907444267,-3.5709758894372787,-0.048116131755696775,-2.1581819570248766,-6.638179077382045,-16.913104288598426
1.4554065550711035,-0.8439327170985336,1.8562450176008227,-1.4838697062877924,1.461180889931133,2.896049337717525,4.429696766062994,1.8326255514670642,7.117495567869115,13.225304612203288,33.23289418088487
0.26837902441687456,0.5446272718035644,-0.11320986503260372,1.024571474793877,0.05234412609339656,-0.6902074449082565,0.2337348592669366,1.1710802860810265,0.21996511291066295,0.2799916009584029,0.6083424135755057
0.9567855523879119,0.5074828586097697,1.3041641792817944,1.0306791701493363,1.2658722215659752,3.5057074207983883,2.607344739910529,0.2970263278556416,5.093653827494912,9.398896894151967,23.650821583095976
-0.344377129275509,0.1046527510961182,-1.2896447411291319,1.1406632748502181,-0.7504874759419939,-1.982911701373577,-1.175642534719021,0.6615785154221393,-3.1420037381838357,-4.494720284843745,-11.90568990352256
0.37182897053729597,0.7365803170435268,1.2500415635482618,2.0794160087525024,0.4335684118584706,1.035406876606153,1.9728706825592535,1.5168390556709554,4.897869739613611,8.464088446154724,21.502930777578904
0.42534884260786726,-1.5217984143789092,-0.41893692911881364,-1.0359985301201753,0.11272537143108041,-0.7909835306519964,-0.10916598463033976,1.0806385866494304,0.7797121938668609,0.6560419105856864,1.70628766546805
0.5951637553214234,0.6915266517320892,0.8604620862620059,1.5217162235789494,0.45846532943967233,1.3504041659805837,2.135781918302662,0.897898048035233,3.959932805021952,6.819450237958275,17.21736999805434
0.18548808578963852,-1.1089508334949674,-0.1068259619957429,-1.7337082835370896,0.6666673975455164,0.7293773373228944,0.5896097877239966,1.876156622582137,3.965948705093759,4.581659502313233,12.098658265692237
-0.46331299696481515,1.1441306224245107,-1.2672707370189413,2.946010088553611,-1.0310293993767035,-2.5750709427369336,-2.130665171381877,3.3347659041100224,-3.6840006943141708,-6.7419481543977495,-16.789371083342388
-0.7324576316084832,0.4898212329518177,-1.4598370506206648,0.2552505833418026,-1.7967884393341864,-2.272465886100989,-4.132325373977009,-0.11395437114292876,-3.6388282072937397,-8.783557495280988,-21.903521627954067
-1.4096389154608988,-2.212356704104426,-2.8881040650926977,-2.243931447879662,-3.3987960639232653,-5.6467511534501575,-6.502820528785836,2.6734347242515026,-10.927924755396091,-20.830849267886467,-51.93257239142029
-1.0028557679506238,-1.1086770660255678,-1.4605053264339258,-1.5310284296165144,-1.9948866298690504,-2.731393020491342,-4.510311418733053,0.5642341210285096,-4.19864168471109,-10.710689864745053,-27.61294786133124
1.4306385154097285,0.6201358601383391,1.8121263141363093,1.2643297997699774,1.9431962563677567,3.6675135900154365,3.4981076003707847,0.20423132922229437,5.5107258848057095,11.897872157166578,29.397796250566547
1.2517884662416026,-0.4448996829476209,1.9604285041552323,-0.6233196371674883,2.931386048269612,5.466667910114779,5.7391968052299545,0.34724539531188076,8.749005437056239,17.77059227906035,44.42162121039346
0.15566653138674952,0.3054861873031283,-0.2773285039684099,1.0874109145929447,-0.6673576284704505,-1.3277942104697822,-1.7493870874209334,-0.006638667992845071,-1.4373875060111414,-3.9796752865320992,-9.979095171343625
0.039179352313072624,0.11600080800171941,-1.058966636337337,0.17757237236945986,-1.8610422014980532,-2.51312312467756,-2.6789222237756336,-0.5980103188122583,-3.455507680512264,-8.151099880210772,-20.87583834142938
-1.1053853730353733,-1.8166374085196693,0.03317516578692081,-2.047108212012641,-0.2816813063135171,-0.6150731796486444,0.45055269094785355,2.531410673614415,2.027092618990108,2.746919256706822,6.54087048429718
0.29655807956120106,-0.2856894127415305,1.015682258440827,0.057970762654341534,1.5433496723120825,2.843835697700597,1.9808696654096987,-0.9600260093132056,0.8392639746305331,3.965453823719576,9.460289690277346
0.005629558351670772,-0.24359811798276937,0.09944611634633653,-0.7466021851670445,0.2673077372798033,1.0580889637994009,1.2090652498410512,0.7538185058703994,2.589333539255333,3.4903748996853703,9.344171150043215
-1.2855101260730086,-0.30569291803232884,-1.6731853072777008,-0.6441368156929612,-0.8247071739998464,-2.602896269908467,-2.7091642533002496,-0.11285701169122833,-3.4116049301409697,-7.2273035027887556,-18.007985912547024
1.3035312559729777,0.9211468788830861,1.8369689207666215,2.38762808522805,2.3245145132826663,4.207132453417695,5.063362019811929,2.469547867838312,12.671100191933279,20.065043773103206,50.434486904766715
-1.3363140913806708,0.5124160393567297,-2.7286218955374073,1.732868416175227,-4.116895848090214,-6.763288384356814,-7.902529890494366,1.4602134719648354,-10.45487976676462,-23.211126878577367,-58.23282836824235
-0.15512961627493355,3.107090704681865,-0.15544461731035913,10.38323092142009,0.514935179291113,0.03386855031760788,-0.2858986118754979,53.594229031380884,59.98625512049341,59.72295042957632,149.24778297702855
-1.2935123715261585,0.4577689253261618,-2.0583965342375885,0.9139494381460858,-1.7841378809434487,-3.797059366158494,-4.558240189156586,0.37212374219543565,-4.832945054536007,-12.018114372615479,-30.59790582258438
0.031167243400818386,-0.54037265180962,0.6182976144155161,-0.5887359904502474,0.36937074773405926,1.0947864088965924,0.39292740799539727,0.35439290828604697,1.4927698993443024,2.81525054597801,7.007340277641367
-1.9933856158070729,0.9143786324948404,-3.402752195965893,2.6684382118871968,-3.983310342310792,-6.490446546306243,-8.294499280057032,3.5215429427049703,-15.365860134638252,-27.095257216802196,-68.643336699208
-0.6344120602684119,0.12460308687638458,-1.1893646902548696,0.7751092055720223,-1.1494836997797033,-1.892176946892963,-2.3340566242611396,-0.4536884124437531,-2.193186119140312,-6.434165549040069,-15.713868590378263
-0.8416259463158451,1.2038992162359172,-1.6122564366313115,3.1107029709373,-1.3570128899989455,-1.4777009551688105,-3.3606286920281887,4.899404776556795,-0.04064614603102414,-4.8205388935485605,-11.533108591408068
-1.5243661971996618,0.0948233840797027,-2.5803500925291494,-0.8823545222993368,-3.248141670434527,-5.134240325980095,-5.9312716031018855,-0.9625690271038484,-4.884921492636673,-13.114192406790805,-32.36472594888391
-0.5202449797117601,0.7013022386457551,-1.241896167699882,1.752545995639543,-1.2434162543618326,-2.317189628384091,-3.025947377646399,1.8061511258935083,-2.8695214178066872,-7.122086666203304,-17.02319739370424
-0.27592309477135063,0.3945221228828442,-0.963799827218793,1.1750166835885507,-1.4912370034533091,-1.2966534146422972,-2.776987729974578,0.9531923909366272,-1.6004195577347724,-6.266750014010295,-15.045822590841443
-0.4702038022271638,-0.2937286002810725,0.2563021997980365,-1.2946001558843117,0.6912678560121321,1.2861370621897432,0.9664550692704488,1.3838074832163052,3.626931808735238,4.714457472384757,11.290373449164857
-0.5182270202123324,0.8514630096158038,-0.6378915927858531,1.8180689506062757,-0.30999467637728745,-0.6197471479271097,-1.5133123130745902,1.1936223808657862,0.29606414411231463,-1.6640711786666809,-4.360145378199476
0.4976637119225897,0.6106633749006967,1.035305017111917,2.1132220105699036,2.3040689323789163,2.5436860117388864,4.742852794372314,2.7097392239204883,9.425316348880338,16.615230553773735,42.4822477864027
-1.3298443520117753,-0.1987045218872572,-2.1899358921429433,-0.542648544388225,-3.29762129489997,-5.014678802794534,-5.631862834403442,0.028536297203960462,-6.054893126141254,-14.819690007154266,-37.70200073000422
-0.9715646636763532,-0.8234812470325769,-1.5696952157454687,-1.4258298056048178,-1.658592428835693,-2.5133345380515135,-3.9730953088076992,1.040445974168608,-3.0435971991932487,-9.027394270875098,-23.6933212688572
-0.24959756632561048,0.07829103626813787,-0.7707092289366989,0.2474868814792182,-0.7018380802815862,-1.1038217090915108,-1.6659002280911301,0.8718741494055815,-0.4915444202695688,-2.4381142012369783,-5.510078009588621
-2.2279154496888505,0.5856991080930853,-3.4281103062948928,1.1726719803828964,-3.6351286502357754,-6.335102417874876,-8.225267648819571,0.11048247391623012,-8.330741223829932,-20.793286007702946,-51.89735214268799
0.5915982047167709,0.27626305662734635,0.17177473104292362,-0.4204895084873118,0.4569799893158578,0.07079543498091878,1.6833319302003806,-0.24959283755076234,-0.4862260626656858,2.39798521381779,5.836352146421385
-0.28057116093385526,1.2621041751984574,-0.6634379867819791,3.546855158660438,-0.3225813662010763,-1.9863928842257945,-0.4298782732705825,6.029133029521588,-1.7129964595765725,-2.9549022147828055,-7.84893571210633
0.1281551378194991,0.08791023800243625,-0.2933455409475638,0.538784826536155,-0.46427636080120727,-0.8729556139607115,-0.3566459641251859,0.16758294723846193,-1.0143848641431195,-0.052350041213060194,0.021659198587198336
-0.6649548077687599,-0.5452748396766249,-1.6586626009775798,-0.8489145170316101,-2.5047799142266034,-3.665020999733709,-5.16574940012883,-0.1120824808765215,-3.5911806855403605,-10.922303370257119,-27.44178612385792
1.2218951517432683,-0.7377259452751956,1.6327497697944473,-1.2212361868237793,0.8258917628747624,2.101942119086133,2.120854518993823,1.038572836056722,4.292541478754835,7.73909734041984,18.933300566814733
-0.5498266767553256,-0.5936792787552914,-0.7951386241269697,-0.4726712170632481,-0.7002931962199699,-1.50350921149371,-1.3941927079498146,0.8323422449868875,-1.0636937306111798,-2.807017702697836,-6.159221767794223
-1.673114861863316,1.3000046991800436,-2.549202447298499,3.343156570346734,-2.0375647471145046,-4.188024576824659,-5.603587106958109,5.353349644011443,-10.179300852426504,-18.6156291616516,-47.40250294638139
-0.5971581089983599,-0.013495268345627375,-1.4030617425398137,-0.08723514535525378,-2.0664652470309655,-3.025350993313464,-5.061265194003616,0.6439481950322151,-3.812650445731396,-12.400917410048239,-31.258629445722402
0.2724665453088481,1.2706262834635254,0.2160904590999126,3.36331627575296,0.3624092010549265,0.060535887550470735,0.6894565027388495,5.565342997735124,6.30743145100876,7.545782390448915,19.01472463602693
-2.962004337033572,-0.8793883785659834,-4.102041562712186,-1.9282124281044837,-5.53498819671276,-9.416129631721574,-11.983950543956123,2.5260002396592167,-20.00029174586839,-38.5051825562387,-96.39770393997202
-1.0864513424577835,0.3525016649963708,-2.352893850328434,0.45187387752145103,-3.5513763006045576,-5.531325095765084,-6.6527607174862835,-0.037068188623479395,-6.735884173203235,-16.768802713158284,-41.468434436617464
1.6822540319565575,-0.29244326716765595,2.507810633861272,0.17222454533640408,3.236940941673342,5.575465866416974,5.478574080923569,0.07260667252728348,6.278502064443003,13.96209159139225,35.79867072426786
-0.11055549819060627,0.14659897562339425,0.017009708744207347,0.24611427702752095,0.22090320693720325,0.3951701100769032,1.1203035638767742,-0.033678791670681094,0.6190106968369571,2.0141980025398416,5.057525405494925
-0.5464142196576935,0.7332601262291693,-0.9175618005932884,1.7213308825801596,-1.9980562659378083,-2.562482041633337,-3.62212356359868,1.2222743851409386,-3.9724296023698704,-10.012320624545413,-24.786604003844598
0.009282899610205292,0.6957126427375502,-0.46986497238265057,1.3464488756212116,-0.06697534987338499,-0.8754067465422373,-0.6562401966586806,0.8308895099979554,-0.5164756275556522,-1.5413792383091334,-4.2355371245921365
-1.910930812704894,0.7425749580871285,-3.226435676246125,1.0086740432779884,-4.29962524320239,-6.932948384325854,-7.547914820128626,0.9837955090142905,-10.308177723352214,-21.362901850424873,-54.116850319954935
0.4016064176051404,-0.19139399000170265,-0.7456164856051626,-0.06410966250240435,-1.8270039934775248,-1.2730225628422969,-3.279803550519345,0.5699371351495466,-1.7641903952591083,-7.070765624883433,-18.028614850832998
0.8957693669787231,1.2480196245183692,2.1436759013609774,3.2680720791023705,2.489381693913266,5.593613086203494,5.279944021038716,5.5375402828948594,27.991020513682688,36.054158744778476,90.6612767877102
0.20141046798959883,1.6589264490096296,0.8302952560372632,4.099617673586764,1.397343898188125,1.6614538263959977,2.3725577928879273,8.149436449365027,17.102974962739932,20.19039474622916,51.14323545115448
0.48899587222609986,-1.3769427389252287,1.2088797013068904,-1.6432249824608023,0.23286572580723242,2.456987962655683,1.38395526095691,1.7721084807189402,7.747986003672683,9.933954013873032,24.473746978857886
-0.7213867582221084,-0.5587104968408386,0.1908662528981706,-1.5670480792750068,0.6550514315934088,0.9547326508574487,-0.010012764724679046,1.290594077693445,3.808306359664157,3.3441895138259703,9.063634041489399
0.39511271708683715,0.14036573043682574,0.589345039859885,0.9002296136869385,0.892051186758278,0.5522724685586784,2.2406484737011336,0.7161486896164044,1.494762034215856,5.068170906284749,12.339557740409722
1.1352136448326573,-0.3051032804685008,1.6765741661062559,-0.32422743531224024,2.0709444672211417,2.8260729701345815,4.692030327612618,1.0355060168715156,5.958044712951606,13.082249683642948,32.549173049656574
-0.2990231490238411,0.3218220803058696,-0.7970593364427943,0.3749370368215233,-0.3359399103424002,-0.7088333430201679,-1.326648606660158,-0.15156087317498906,-1.1163478582859596,-3.418435497695733,-7.865456820926113
-1.2498753807397185,0.09403233185645683,-0.9108615240472809,0.6466408915368996,-1.211437340375088,-2.776836986458391,-2.983584326676156,0.14503122155592563,-3.338285963185542,-7.803063239897056,-19.825744894140136
-0.27722075792039236,-1.6484074900408825,-0.25986943023775955,-1.9147350914844823,-0.2834763498500204,-0.6461101874225283,-0.15487010898388015,1.8630579131877532,0.7124357991881956,0.9895492330452788,2.2161622747010954
-0.724905762844018,-0.654914178783808,-1.6756876819732323,-0.9562436985742415,-1.9933536469964532,-3.1345892527531167,-4.102400931908509,1.188401161172331,-4.2254367248068725,-10.051254908557308,-25.254762142703882
-0.034148810187486674,0.22293604647129664,0.1812344812446312,0.8252280399635696,0.10997864543046022,0.08939371175780911,1.4987507352134157,-0.08580798732291645,-0.45898874650533206,1.8811849440173127,4.502905252009481
-0.5808184291143655,1.0097506364569373,-0.887059314699646,2.703586813855977,-1.873584142248789,-2.484941238927875,-3.376172379619277,3.3103351484977592,-3.9714042881960565,-8.062713818553242,-20.435048447035243
-0.2802712868956898,0.7304944130744369,-0.9322296676302999,1.7911257609086397,-0.7342394940614622,-2.7991599207783384,-1.8678166678943562,2.139504808823263,-4.732615311766436,-7.523884797910807,-19.82213790231757
0.3760984481099813,0.06888383261707882,0.8214777793143087,0.3376781806797685,0.994338405327623,1.9337443517873498,1.5421521025869898,-0.04452806603992174,2.2120399683315948,3.8039417092243193,9.155958831109471
0.2607272366061883,-0.8138826089882717,0.40580412137707955,-0.9319942216311432,0.05422374183261325,0.8796095200832095,0.9496562281705304,0.256591548595972,0.9988064276146745,2.8306172313613236,7.246354615786267
-0.6162692898033663,0.33748997636022243,-1.8939698158699425,0.6667657392367086,-3.240020697933927,-4.69606870125758,-6.4506859826694285,0.2314936844612723,-6.895184165452764,-16.763441397550746,-41.77392465616684
-0.9136748517414947,0.7440603616914363,-2.345937425856695,1.8178671384154472,-3.845744881119781,-5.968672786662521,-7.1467120078971185,1.5973225047282111,-9.951400208933418,-19.698972344410382,-49.8497382177737
-0.9888335564817261,0.2613396930635894,-2.400131566581042,1.3531826137417364,-3.6185810035074497,-6.276398643868156,-6.504902594350492,1.025311447566409,-9.564327870428595,-19.881167744616185,-49.307738170610804
0.5542758361535683,-0.0753094328499267,0.14063791173975404,0.3501108449336179,0.290917857465244,0.115986626428429,0.6055094467965362,-0.6677392839784091,0.2844039178719827,1.1086083599421996,1.8286551273648204
0.7269814189197162,-1.2344786078529717,0.9410385165536745,-1.9934941929304835,1.7879985706595813,3.69053772549529,2.9243704013988348,1.6826580614417592,10.453409419227203,14.576811233929353,37.20077131238631
1.3547453632887954,1.156106557053075,2.3529536497967602,3.1103283809522573,2.5814904280596616,3.9320646328895217,5.505830540199664,5.414572110071929,21.166391187150964,29.758519041914425,73.2312959732334
-1.0511591945356757,-0.23055314326831217,-1.1887998886585927,-0.1305326513157531,-1.3838482509969008,-2.500666662588484,-2.8834456336183236,-0.49418355616145554,-2.7298478676348013,-6.810309131402494,-16.324314240605826
-0.7333611553887983,-0.05889700040691777,-1.2515574891299823,-0.4691114776036078,-1.2216408910993202,-1.8072893382385007,-3.403007639590947,0.019382391158199785,-2.561985333290374,-7.2489688879630805,-18.61165580245176
-1.0301808814318378,0.8644283928758457,-1.6696412343833447,2.271047687319621,-2.176798787123494,-3.8499855799040423,-5.224010987409332,2.9281651878915165,-7.206640508324648,-14.468798681368465,-36.197458334018684
-0.9498316261012227,-1.651533152043408,-1.300850818363418,-2.204007035164273,-1.2228979323644005,-2.20066509548154,-3.282706011625319,1.7761016646666716,-2.668511064985226,-8.426853913884118,-21.44423706137148
0.4779807205450618,-0.8579096619947493,1.1660374471838864,-1.5612564448529986,1.2537523794792005,2.0168946462447157,1.85852111330232,1.2182874184203862,5.468892088053029,7.594073856505502,19.521701467713672
0.08437122242581299,1.4016022941091746,-0.043238162815818076,4.587795996626693,-0.2916558882147212,0.021395836324889284,-1.4328324792431186,10.882951380179055,11.963155735572169,10.612335902015381,26.955948089590745
1.4284006189060101,-0.37974652002074366,1.9545992888684751,-0.932690575034935,1.2141537291826703,2.734907057426193,3.0329796312861736,0.3103697120673149,3.1251953052987185,7.340130458211741,18.624090892199813
0.5401763106451236,1.0073211781983005,1.027462434964584,2.686655823190347,0.7190732176445311,1.3591480828503766,2.5701590117562025,3.78538572515258,8.019647374113553,11.794062885154936,29.441094772622456
-0.08277880265040874,0.4715860543214755,-0.19439145013874068,0.553421586907857,0.040766711186494636,-0.5226894258883721,-0.4769239260284315,-0.06884672543080092,-0.8802617699148927,-1.993913807623708,-4.524312946573666
0.41034015274406344,0.4016731026941571,0.7547321061709488,1.0777527212320877,1.6826732813624252,3.3448044361855054,2.414361940489947,0.5784126122405122,5.883102604260737,10.207553925657042,25.32950046244454
0.5157343056022272,0.036204266806874004,0.6716976827184553,-0.8378931883037517,0.5815061211598345,1.2398074411161217,1.6225227172793746,0.6753049356748153,3.074335174948648,5.990265252028958,15.554540718253914
-1.009288969267965,-0.9448148021440115,-1.4276225951126928,-1.4364045913412065,-1.9519784948145686,-3.7501952562721197,-3.7489308367717014,1.931196995253781,-5.529446523644785,-11.469979605349183,-29.006076612097935
0.22115010743788902,1.0329636662963133,0.4835289627303563,3.4009866583545287,0.833508277948068,0.7795327540286409,1.9259560527792319,6.328794459842262,10.532813306539415,13.411406688594102,33.23166298660719
0.09591175269537087,0.9204938152214529,0.2547251440851601,1.9092056772966302,0.09612870486573263,0.196904061584509,-0.0937710930573582,2.083602066429919,2.7054210184950858,2.9115589950801253,7.232480407525899
0.2757455319173873,0.7087610855852408,1.4210767742508432,1.5950930101622118,1.1774361123527735,2.346828278407112,2.8883556397507935,2.0955768704964726,7.793931460799397,11.4157441186383,28.957603332713056
0.43494093998058536,0.9283236378927275,0.9320814460105192,2.4637902657151236,1.2486797697444123,1.717591243191164,2.529202672705749,2.8416542106342026,7.906624186187519,12.25064327270263,29.882581575779287
-2.0080802999862457,-1.0682875848364524,-3.7719089724523185,-1.4495614591042685,-4.459861808002648,-8.129549715579515,-9.466609995075705,-0.17151220036733372,-10.371144650426002,-24.004215798047042,-59.793140732076665
-1.3220061547706148,0.353631330968356,-2.5562241564268096,1.0308916113566355,-3.0287302366926907,-5.763681023633838,-6.227325969306105,0.874068773588,-8.235025879803716,-17.14898632152148,-42.89046164444589
-1.3377818083147295,-1.436184803408313,-1.698231211190768,-2.1049745027370745,-1.8707330437643344,-2.928314562200754,-4.479942487100753,2.060348541501637,-5.043267142720356,-11.269409258847126,-27.470906375900245
-1.4529152512356083,-2.696456966662776,-1.0294482581238549,-1.7184480754372176,-0.8957031948820378,-1.7893727208264982,-1.9855907670319342,0.8895134539508639,-1.4438897532644708,-4.207563116304352,-10.467576553827051
-0.4309237928538552,0.7128691901930709,-0.0208351286167765,2.21438602456887,0.8397142505748194,0.7553555572511671,1.2572290332925566,2.869118988494869,5.027118087448453,7.7902833972297465,20.084901551438165
1.5768599006268031,0.034418880815777236,2.0601448976465573,0.12583484813070878,3.3101463125160864,5.049683963268427,6.663499504457503,0.5150504693302634,7.285820959306509,17.08239419400476,42.10763616201616
-2.0921754996231763,-0.28693504074051096,-3.158700607414295,-0.24376277821551373,-3.354777071232296,-6.337308682889042,-6.856713536518048,-0.33254856828477736,-6.958118003196591,-17.618202513924636,-43.71212145409373
1.2393204667081372,-1.2615788782260882,1.63532345164185,-2.428717294708402,2.2114368026257716,4.10609694232531,5.258170946623249,2.592441392462355,12.911852575253915,20.14347480440476,50.49885441521424
-0.6982223065966799,-0.5251052550529293,-1.279762735906504,-0.9374249021333203,-1.0454993153302738,-3.173914611034538,-2.5175049058371495,0.6423984799013265,-3.964441751000545,-7.745600293972862,-18.49682034073737
0.39020972559833444,0.731368777444296,0.8761860522414058,1.3482376421299098,1.664910441556184,2.579251346758263,2.6327973681382235,1.3175789457319773,7.022923650174687,11.08378239999969,27.015697312622734
-0.17390133069577238,0.7965437675482511,-0.6210644849153115,1.6688485528934658,-1.3466309425779646,-1.7608267048081223,-1.8190992440299676,1.1725879917387996,-2.0934525061111606,-5.626117387832077,-14.42675797859949
-0.9800940689244012,-0.1958420149513231,-1.7814126876663523,-0.8098206922572252,-1.361058023681363,-2.414493127959855,-2.84074198227454,-0.744491124375875,-2.483477699373927,-6.768745828463298,-16.159929602394257
-0.06618854384362674,-2.286097898073216,0.058062108182625846,-3.1952392043354365,-0.10290164930337686,-0.49941831915685597,-1.080611293227101,4.37338112043941,3.7634830902686502,1.5296784204256184,3.2880747657493665
1.4641635984086416,1.9834979219684308,1.7876379357047703,6.097676173579169,2.5280183362783926,4.052545343030686,4.5243911175609295,18.848741535331985,64.2846623719299,70.54299677808898,176.56259479001116
-1.4120689461406526,0.47192341090407675,-1.9715085580008276,1.327306896691355,-2.451030406135492,-4.298531789229316,-5.3694030737828635,0.9029830954141222,-7.169897620965074,-15.272198589574879,-38.026647175327504
-0.9067444927094681,-0.892932611543571,-1.1711944340184774,-1.3965854277306986,-1.6853579392732723,-2.784730764491465,-2.584747535023518,0.3332359875621752,-3.5414974890517965,-7.072715778263389,-16.96676147833589
-1.3293070501807216,-1.342405300896566,-1.6247012912031409,-2.024043446008078,-1.9817219403865816,-3.7252011023433083,-3.2968136740314207,1.957675162504908,-4.840357173495197,-10.033138021898829,-25.87606256126855
-0.2823451169619243,-1.2360481187329233,-0.6977431866998962,-2.1402293467970033,-1.1493220788169496,-1.075550126421697,-1.5297799176896971,3.0528365299574016,0.8600610298500058,-1.6177351714565364,-5.162581930679673
-0.7841398389605222,-0.9453655578198058,-0.8541980293355331,-1.281269603434416,-1.0601840169644128,-2.9638129460509206,-1.9569206101845669,0.8752778101661016,-3.8004397703933956,-6.2894184676889555,-15.795726252712845
1.5085951159378892,-0.658661382009552,1.885410985476298,-0.6266756292837304,2.8579040254976187,5.147909891425251,5.788940161553327,-0.3694127237797412,5.87783118880022,14.674496529835668,37.86233872440064
-0.7061630337051824,-0.6911594709063782,-0.32551725626137906,-0.5925037914112341,0.5353975568858196,0.015829448406917954,-0.0004899208621161333,0.512889105588557,0.03433265909901484,0.49819147796706575,0.3826601433057377
0.6144930267336901,-0.3643850280955042,1.2657360497992118,-1.3792764036080252,1.0524608420252992,1.685050849031483,2.4295862542871443,0.2028601951247858,2.777324250025157,6.536525047505061,16.300718138343424
0.17075498208509898,0.18857253017448994,1.5299958260327071,0.7934927233206299,2.128230804742625,3.50501848143034,3.298441305117094,-0.013024093139067772,4.866150111370337,9.256329301252489,23.57758669663684
0.3412687782999766,0.6659858161776627,0.5374426692602576,0.7758378176290072,0.01668534409866862,0.4098119357616827,0.2029514749938373,-0.40714180939554157,0.8420101282711443,0.8760029299169634,1.8138395049779164
1.1072875606416925,-0.1577161723752163,1.294484547105919,0.17551061633027032,1.242442691204452,2.125644287618477,2.734307276495687,0.04778778938311204,2.078013454564514,6.099889762074019,14.100168258743597
0.5002674058782232,-0.048676016362001716,0.9064268899104193,-0.15294377083292798,0.2952389440812425,1.4986314386200503,0.5612192699438233,-0.17078596547301872,1.224050773038819,1.6653663231057403,4.243674859307685
-0.08604543734687346,-1.072169695988073,-0.3741851062371219,-2.147957246654361,-0.5188663672301831,-1.7972215347915546,-0.26104411077471656,2.3162909175302437,-2.41483610221195,-2.62717733769779,-6.803920701868151
2.2199771687769294,0.8107740515057734,3.3976431654599035,1.7626514300133884,4.660660759369616,7.363138853683005,8.955674726441016,1.4349739552861507,15.302777358960888,28.431412822620462,70.49283015365066
0.35407153002916447,-0.34025432127185967,-0.023995474845470044,-0.4732878210713616,-0.29610104249335745,-0.8188760331778355,-1.4181134786647742,0.15142181890453071,-0.9190391707061154,-2.639652233296637,-5.978700705121221
1.6173618309387277,-0.7651823766501568,2.261806731515042,-1.4186665292110134,3.064716283800856,5.0800721745811686,5.58950178386462,-0.2561573498255951,3.9688899548110315,11.858287928958822,29.763793221202224
0.9320512939865508,0.8558662406835599,1.3289329432081716,1.6822029256675377,2.5897198008426914,3.3251606465138046,4.19258993917434,1.6274372438645555,7.87037400457673,14.294434205518995,35.1881591881413
-0.7709506375579667,-0.7165881399166476,-0.600816474513997,-1.1517428212364733,-0.6838130804167046,-1.4187011655528827,-0.7251799688369132,0.7883863000772848,-0.8547218448801491,-2.769748915523369,-7.586447228692704
-1.4593814178730076,-0.5104953954986317,-1.6309824051428323,0.06912006991461606,-1.5658512538341574,-3.3917098646142794,-3.511038821810098,0.15999466360145914,-4.42635539585286,-9.550704161026257,-23.13613006712547
0.6762925577878229,1.0397718374171447,0.627081534013221,3.253830341834603,1.5153012170708302,2.202923221460885,2.7543436677906463,5.35279346488034,14.130546924827826,18.195012098817198,45.87023487683672
0.6020765080537294,1.4734102594691572,0.6598612815423375,3.872682213384212,0.932668406751016,1.1849057122657194,2.0799448766496695,7.192670064411139,13.431586194556308,17.25755210191997,43.33358392451755
-0.6130262576403412,-1.739865874833117,-0.6286918434321747,-1.9300266311492134,-1.6754275264589014,-1.6950386645649707,-3.115853285299155,2.038487077890515,-1.5231308656745046,-6.120505375264098,-14.51147494685062
-0.8561835235312514,-0.2761241628379414,-1.4451309370184406,-0.42670510132123146,-1.3069008503965935,-1.9629553615666244,-2.4611518797873497,-1.0574408112578384,-2.392079361041275,-6.082925110610223,-14.843631397646764
0.41094486189705093,-0.8528234514073777,0.36840893624228044,-1.3889137318135625,0.5805796510091298,0.7987157274625524,1.4835294421290828,1.2530356718931794,3.371623921758549,5.880290439824669,15.288137781292079
-1.1672870182766122,-1.1160008241369364,-2.0041061943599807,-2.2416899915385216,-2.320322011770013,-3.5059189260574746,-4.607589655555581,2.454813512886145,-6.222360517440452,-14.016437301022949,-35.25360844602572
-2.308601666120015,-1.305151592024405,-4.2622712897681465,-1.7231199572596618,-4.678151521281667,-8.657574422417044,-10.242256267664763,1.5221340034658124,-15.807291941686648,-31.190641703052442,-78.39383765037906
0.3281200103456858,-0.8247434769801413,0.7731810120352909,-1.3216248625135312,1.42357220051537,2.148830074578604,2.5226374642186142,0.40272587667090703,3.7772674472389003,7.24525742903382,19.133819174015976
2.5758388039037934,-0.16937947774736023,3.706793257382426,0.24562350708769082,4.71483418311853,7.38398387841214,9.203829998497078,-0.07244386739304608,8.404087463219723,22.137037340422083,55.40363776735091
-0.21917602124902114,-0.026722743379099405,-1.0952034920636702,-0.2477532333236437,-1.4044263943520425,-2.4019769101441812,-3.083227879521605,0.11337295295330835,-1.8384667816846683,-6.10901701820436,-14.560755480112967
0.569361779575451,1.141558927382184,1.081695457642432,3.2615906601701705,0.35298797521878844,1.800689443917427,1.5577152077831318,4.824101532500702,11.74562820779599,14.036775927979118,35.0121911583287
-0.921300749451546,1.4616368272035491,-1.003771247567566,4.48755497200763,-0.41666582423515175,-0.2779249308137497,-1.6282744870906383,11.033957400532993,10.595530510859579,7.994064659733287,20.920105879649487
2.000811278582777,0.6510010186021999,2.791039877976216,0.9848437496997802,3.3212358294217563,5.89510358818207,7.68568754386329,0.6618278088304499,9.304631684199249,20.80626451307397,51.98560275034839
-0.38225110568253906,-0.21606712021887559,-0.4224435720396299,-0.545239522705547,0.6052071140410442,0.8578035459041297,-0.012216666528154507,0.535073808821201,1.9369739017363385,2.021085707447366,4.125928036257182
-0.0033857731775463465,1.9253802570467977,-0.301104518322611,5.338952375147538,-0.5421977890851943,-1.3613614057732755,-0.34233568967990635,13.997989132512066,3.6532604544994474,3.317974748637058,7.809359666280291
0.30489356060009254,1.5592339435899767,0.0679550151313465,4.207465323172544,-0.1444765313821254,-0.1396730257439372,-0.896429497443792,8.659798367265296,9.057090858360118,7.842720377102327,19.44527927597519
0.16148524685119603,0.03994132496979357,0.01929315528205658,-0.44541024950166197,-0.08980094839157912,-0.8406228695423991,0.13273896749871322,0.21764827001995235,-1.0079205674032978,-1.8387408104117238,-4.764318064738896
-0.582628477328111,-0.05324921024962705,-0.19498449462209178,-0.7311989373516425,0.09447955787419263,-0.7973844697690928,0.25993308038338797,0.3328098097857521,-0.2945501767840829,0.8079042925075262,2.0271431096470875
-1.2546460764624323,-1.290790551906575,-2.4102386594364225,-1.9667623394510123,-3.459204518749062,-5.954311368381613,-6.015635785031962,2.1069525924424974,-11.000719924054643,-19.713026097399645,-49.37150592251321
2.511208058897543,0.7488285530411125,4.008313252619094,0.9135886428621836,5.006831691271643,8.108906869461213,9.960699597402263,0.26160518263913635,11.306449411423182,26.257121022472976,65.29130721762482
-0.754885087021666,1.2923335834281835,-1.0651166669395595,2.7818290121090072,-1.1381406512340861,-2.8490663513618397,-2.2895343323777073,3.711860920283139,-5.170407639818389,-8.527422281801694,-21.727048278310754
-0.8380465669361835,0.5367975482092403,-1.636962681207184,1.3450983332993138,-1.2331765357379325,-2.4248242139963767,-2.278929354077585,0.6591355551534301,-2.790685361010442,-5.9946302923068435,-13.398603395416838
-1.834468441495911,-0.3965646729726286,-2.0311826525510304,-0.5937812666350786,-4.259775018729404,-6.293780580119456,-7.187104777335285,-0.07983244155131888,-7.966257315274702,-18.988205794683466,-46.831581298819316
0.45045904324064473,1.0307047838206356,-0.03159566408494596,3.1674159250424814,0.5313529738174203,0.37235667797972155,1.2984079825860633,5.05210803295511,7.842952685448944,9.621642014495675,23.871797652235763
0.4053378778057343,1.8194477009222463,-0.15020232678998702,5.554885044057187,-0.4202112977129755,-0.7466130487092825,-1.3652054130578855,15.025266627787984,9.644239087736054,7.261549879864716,17.46355587814573
0.7261325196327011,1.1066708621391923,0.7016546767262151,2.8120874761647037,1.006600089229725,2.2032062215086796,1.7188972297039935,4.822547314851603,13.1185775874892,16.586950126293697,40.42490370520594
1.2344032896908257,0.7290892484760493,1.1467733692069846,1.0716401337128434,1.2925853646097938,2.193278779503766,2.670514745356637,-0.2954578637314875,2.164229316845986,5.3408623273888525,13.18570756433866
2.004683498258284,-2.3094593225528377,3.5010196917307774,-2.080925941080222,5.130211184827198,7.705589221972065,9.2546603738119,2.221888369119466,20.754377811619698,34.306544495553915,86.01629196388717
1.7504895831619407,1.119957955377361,3.4886303676735526,3.099943029465657,5.63301448990768,7.161052451042081,10.494011072481946,4.017423928110931,27.933177540588517,43.93150283373352,110.01927433767027
0.38955794933626353,0.049470132213320736,0.9393089620838662,0.8087641769418266,1.0932855264368404,2.0047166348349523,1.8910110320771074,1.6258335200774976,6.054372731708779,9.19976196761642,23.31235149339055
-0.774822804390223,-0.36989552461821323,-1.6510508262650527,-0.8365128008871981,-2.4792772754718126,-3.5447395351495437,-4.308971707007096,-0.00044881659354084613,-4.241145019268539,-11.283214402557663,-28.578868171061327
-0.3330139215861688,0.970033857877237,-0.521224450119065,1.9316717517887565,-0.33916531193754457,-1.9355248726110852,-0.7299260209422835,1.9005275138881952,-2.3555659558035247,-4.471756707370351,-11.375892737280049
0.3394039089856519,0.2963977949998419,0.48174056619638855,-0.476835596460801,0.36646105841386556,0.5355537153926048,0.34494689829793623,0.7149156520395622,1.3271190823665475,1.272062383291556,2.9068407848279376
1.6387347122552847,-0.3490324046354184,3.165861005768112,0.3429514670215855,3.6455950212489863,6.640925083266309,7.372791961298304,0.11461470662423855,8.58440756442982,19.35990288498434,48.50057571022559
-0.42605232162881396,-0.910237082275076,-0.5506533327776635,-1.1027633773339844,-0.504698853063074,-0.7351158477054032,-1.3733775788994607,0.4730319721410579,-0.09067148730899094,-2.7593122043634164,-7.121575969878074
-0.6020531525862612,0.3510551727020561,-1.2745776900941295,0.8651554325378615,-1.132807349189532,-2.2008569876114414,-2.069880803919259,0.9356799717717801,-2.4504712366121613,-6.1218818419418435,-15.374148350008593
-0.16427783116863087,-2.245660997565524,0.10963702531163735,-2.1377160821667456,-1.1907204529297823,-0.978088347005801,-0.9175195224803752,2.191259719212314,-0.34045712965114494,-1.0955946782772437,-3.0160077381728
-1.7244622096067468,-0.03579908582859773,-1.8435995428407246,-0.0961729478350528,-1.99167390694099,-4.109151458137863,-4.626988590312002,-0.4121848909473393,-5.049786686436705,-12.356313744072763,-31.15212872393849
0.09359633630246353,-0.02823049479905627,0.6990476258090836,-0.38247901759898784,0.6906637812374159,0.5888089652717101,1.165952294792839,-0.6076014918671309,0.036020332159505536,1.3406639751983271,4.024704962437284
-1.4293567933516014,0.6679482944789469,-1.088225380733382,1.5872763392599953,-1.2419269164585258,-2.496183332414625,-1.752396044132167,1.1385029632750436,-3.684425278639467,-6.7450888203351225,-17.892617352097403
-0.8415700002505276,0.21469880337312508,-1.1801807151652084,1.2785622149372973,-2.2469531960144895,-1.5807898463057235,-3.933923657882962,0.8447764080127492,-1.4068771991513678,-7.275862363519173,-18.703801204077543
-0.5136998667197963,-1.0433031578687475,-1.1784771837622137,-1.2290000854365033,-0.5615900552693024,-1.8722687422715472,-1.8904189033705185,1.0427228752497428,-2.718493906654374,-5.8555337998953405,-14.652260572701309
-0.369698211068184,1.6746372971559642,-1.4095469573871076,5.499987316652368,-2.1220408907415944,-2.9632497618921616,-3.5724057321929075,15.096659570360389,-9.065831191077327,-14.471342897928874,-36.10633430892951
-0.2583319135467776,-0.4190966962917561,0.500687000225714,-0.3502551915967596,0.25185818140037963,0.838531003355555,0.9443726598728046,-0.4498968453829219,0.49786129293627573,2.2397526149900653,5.796991485830852
-0.25916355395056745,0.07787740150847494,-0.3414274275238368,-0.08119065761266836,-0.9105538020797046,-0.5715976686939539,-1.34562539786309,0.29608972890976437,-0.6405469983363528,-2.2042176653088035,-5.525082665193675
0.45030822978520474,1.673642777988788,1.273074305881864,4.1239266215509875,2.320612385248334,4.283375069624917,4.54289130451739,9.326532232628088,36.02231234568322,42.33460544827074,104.9932172110828
-0.2924614935722897,1.5408674020246762,0.32689218653592206,4.624692013053069,0.9277793422519554,0.9392329458805827,1.8963561936359334,10.177247446702147,16.846945970227463,20.43142476834998,51.1647103220391
-0.6639675463723265,0.2761408674156217,-1.3378281031870958,1.1403854896733487,-1.4091555272760194,-2.2187404672917452,-3.5350573472660147,0.9718219047371577,-2.826638513198023,-7.73958296067499,-19.106263027404516
-0.08336277025395525,-0.41058948131036976,0.2280374015877683,-0.20193820959405595,0.5462979749687652,0.5394991478172642,1.0061949408201931,0.08205050567999347,0.9555040945201406,2.802521758044974,6.363419979962593
-0.16590819766207712,0.06202626799531868,-0.19649263849937898,0.5623889078580582,-0.1736468006075277,-0.7450008719837391,-0.36356631684520396,0.8176243980708234,-0.6363472588025454,-1.3054909055622494,-3.1933665779836593
-1.525727938304799,0.7626781048855962,-2.094717217445825,1.9786960047664743,-2.748895642383124,-4.863196131097561,-6.069540155230695,1.4397925042415642,-8.7042980158943,-17.66806067827066,-44.90469160974108
-1.1985624750318031,-0.4103094106611551,-1.9440477619065162,-0.19661010471081763,-1.7889774804897338,-3.3114124754991723,-4.747931492232198,0.036515634004327405,-3.844642901259253,-11.046677312197549,-26.558424792144532
-1.6660075806460586,-2.8562322279998287,-3.204818511631505,-2.6591022147765893,-4.216569337373821,-7.024949449281133,-8.673304244991156,3.7466050163980342,-17.828085311267188,-30.56106251740409,-76.23546843239504
0.6092911438000985,-0.44878720845588055,0.3614456809618798,-0.7201917118824599,0.8689822964515681,0.6569399843057232,0.878963578938198,-0.22235507966908147,0.6890009740138003,2.2175810069938198,5.420818591070896
0.3477477456335802,-0.9993959369143851,-0.11136447310309971,-1.780300365826792,-0.3468246795878683,-0.045410666455415694,-0.11712659630233219,1.5310185427889262,1.5969758812785186,1.846912113667049,5.261687276397392
1.1434860421643906,0.9124242278281863,2.1218855280104347,2.075159609419201,2.552155207705067,4.220882367406077,5.1269548528525215,1.7216433996053175,10.486358258215567,19.3168558817129,48.73165358603914
-0.012601688557965958,0.42364193506673214,-0.06483425495131664,1.0822122698274108,-1.1264571525474965,-0.9488408216409243,-1.7738612473826294,0.4682911118796643,-1.0491894376263524,-3.5248826337739496,-9.211582512883075
-0.8939516891401127,-1.3759870406289334,-2.2362993457379865,-1.5636838510231248,-2.4345394424872873,-4.688630562556094,-4.7622179175115065,1.1287421161010855,-7.061969115448378,-14.805167984212426,-36.55904365764993
1.1846806078213132,-1.7790783129290868,1.6073657322862698,-2.469698624515501,2.500482651709811,3.5807520067583694,4.6044952400436365,3.425537451776314,14.24782977669267,21.391015888855055,53.28870607358555
1.1140662894001503,-1.0187347035957344,1.9231265397510415,-1.66690016013292,1.6362190396941638,3.2354415365365066,3.682895442239249,1.684094624677563,8.169496655087752,13.477732638575668,33.90057831817971
-1.9789915732753245,0.29656826901507427,-2.980401246187627,-0.5363670527129633,-2.5601288752436835,-5.258005207579259,-6.112668777783027,0.6510402937641677,-7.9485043047031665,-17.00687761040795,-43.178355671797235
-0.7964305364220151,0.4752414541369793,-1.6843596064387665,1.5034262593560523,-1.7677516470750894,-2.6081083142714445,-4.312385136301819,1.0841225583803753,-3.3459075658717956,-9.18202589825278,-22.334370355158015
-0.2287890668035067,-0.727578773380061,0.4883781635326575,-0.23581337015939852,1.0251386904517301,0.5522408158566053,3.124105661016058,0.3736719791098524,1.3294194360153733,5.10212615377654,12.473788027253065
0.01876178821854263,-0.7890916471536121,-0.20683089959803966,-1.0374057230253533,-0.06588703549304051,0.3946770762681675,0.22949234715882044,0.5644455074420047,0.8269951696056244,1.2574116426126665,2.6455416580457194
-0.6145130011260548,-1.724684492385481,-1.4776239291701092,-1.7242022514146442,-2.0452610566196627,-3.486851106644617,-3.671185485639006,1.296674216951485,-5.867504790504698,-11.218814724673395,-27.03143768031501
-0.6831790465458258,0.7142524408901748,-0.622528842139304,2.2943777901671014,-0.49519178772354266,-1.2287720961013016,-1.1793891143524826,2.4379070078632035,-0.2387432086226625,-1.642668074029487,-3.6949482334882138
-0.037488155548177186,1.0293472079900534,0.3990108290507773,2.758445154226637,1.462489594329494,1.4835934453909119,2.7652865201704433,3.9776657815079712,9.629917926967707,13.413265717215696,34.098747264825306
0.8134037628554162,-0.45114598561140135,1.4005579893541618,-1.2468735028072946,1.490238626913078,2.276374700863512,3.198770011943142,0.10521795852732296,2.726202219796983,7.847557116804115,18.982566270987387
-0.8312215393984613,-0.7080528813897078,-1.6478385408659446,-1.0804060425033695,-2.4152255010055725,-4.286233704341851,-4.962714321058689,0.9674954285990486,-6.255305783424826,-12.784971180648347,-31.900636030319248
1.2719106482799867,-0.40721333182356667,1.3848214326111243,0.22496577373156146,1.8793846646767216,3.1797079151116536,4.1652776102556555,0.3554438163576947,4.728606208592843,11.249444394871174,28.302688309646086
0.42787084494208344,-0.46802000512858644,0.1638294056390936,-1.0277730241772376,-0.074059481115019,-0.6949986996997599,0.17925615212870982,0.6365479660818282,0.4447466964767294,1.005022576403675,2.507121902573461
0.6012850804934735,-0.5948825334813642,1.5717866237690052,-0.46985777744744905,1.5659262376085572,3.61696116497012,4.236497761084409,0.07569966810371007,5.170814931256087,11.829615192525777,29.501458952746493
-0.40429848534817797,-1.2762936499083302,-0.48918828135951486,-1.7656220465058063,-0.4029247597656229,-0.8862885473642688,-0.9751026015616765,0.7103035303617714,-0.7397361461107699,-2.628440862747868,-7.730740358631424
0.859067024314352,0.20319248387231817,1.4118325328373194,0.4311906575106924,1.8994238127370406,3.375049049456422,4.0787708889568455,0.4535763683659467,4.977589074279833,11.249733410997449,27.75181606195395
-3.1526724558823767,-0.3297328734161184,-4.789393777555785,-0.4841430603091398,-6.455076660009492,-10.155263271621436,-12.083322019400061,-0.5941784872946976,-9.470353618978109,-27.728209091343544,-69.639450159563
0.11743429861181351,0.9792747783801272,0.7245220967209798,2.494158729530923,1.560390427393049,1.8022327422578686,2.981918795034246,3.3372907181706593,9.147483415565533,14.870529174162497,37.977060560460686
0.2835633957351178,-0.37955431620166913,1.3562007006172374,-0.7357832260208115,1.1101973366311868,1.8266681193091856,2.118481852702211,-0.10446253168291053,2.3472255960053974,4.638423752159652,12.386509146291145
-1.116154955544492,0.015935873158131223,-1.2948925216914007,-0.14846731140648417,-1.658270146588195,-3.220368868817515,-3.8374544771293264,-0.5737568258205409,-4.046637846551212,-10.055688912010096,-24.494026326742343
-0.4077462694351699,1.261789791910381,-0.5612596614332579,3.627493013684955,-0.26195791555311193,-0.337613874151861,-0.7637424578742593,6.174675813388923,4.7427664264889025,3.3093871789453524,8.066241731182432
0.1461959874258846,0.5322629813623028,0.72947565643899,1.5036238541477183,0.4043222622711067,2.1557183599469942,0.8034514163241595,1.7185478119384248,5.930673175325927,6.941021133441693,17.767179650922944
-1.8882539295617664,1.1554339718638447,-1.6572945550245122,3.2459475720592708,-1.9772699177432684,-3.73236962821281,-4.47068865392775,4.97587225525314,-8.131834799592182,-14.914735159695004,-36.912225498766404
-0.5557771241131542,0.06481440936062612,-1.0262860298954724,-0.6019583490090754,-1.694489111441111,-2.7474630485942457,-2.547199977315352,0.12403439101986821,-4.016706479653834,-7.940333792280122,-20.261573746691322
-3.2795422204613605,-0.1818343811776605,-5.243033184410881,0.433099050487186,-6.049310450076768,-10.765912332214072,-12.185199382440638,-0.6344869650166132,-9.552673007372265,-27.32963621315571,-67.15974402214718
-0.49362533359567823,-1.0228954218146538,-0.7276801708204951,-1.7723017685895122,-1.0843901432385474,-1.682757936421549,-2.8216631684875293,1.0675558413809856,-1.6688920003599605,-5.383825028055605,-13.295418368283103
-0.057683144180593594,-0.24850242731644198,0.3018781802545746,-0.4921282257274535,0.6243532540328489,1.1539145628006504,0.5115143026399461,0.4773235235298025,2.172500400707107,3.598743101181091,8.822515655753215
0.6252194845425612,2.26869694238537,1.5864620478638525,7.617322294065726,2.6744183918279867,5.084066818233056,5.05107861584165,28.602090523475123,109.9568996662569,118.23995058516306,296.1272714040503
-0.8952236768159079,-0.6904392341842936,-1.2388552639016663,-1.3161379698982576,-1.789560070210629,-3.274474612327835,-3.8077998502846038,0.7095970890840939,-3.8451177072370015,-9.268509107210887,-23.356510321076648
0.4771704766821247,-0.21234531971112464,-0.05890340848584208,0.029752759942124674,-0.2705813256490924,-0.22693646730409356,-0.1796217834917743,-1.1461672502944211,-0.8799703490509403,-1.4435406474408365,-3.802381454273175
0.8873770098940954,-0.17458140194391164,1.6411366740758004,-0.3494370981156011,1.742447412379538,3.6215794088573934,3.5987419459546643,-0.30547529884474023,3.0498237683701186,8.86061728221082,22.313582959398406
-0.46448750841904396,0.4447144776907356,-0.9070493774491565,1.1287119163135813,-0.5044906067204098,-0.9092457321722547,-1.6468155913893356,0.805733462690565,-0.06241924193218207,-3.7342595451711373,-9.176165870783741
0.9182089251727841,-2.049923619850956,0.9218250522337852,-1.5020293676354084,1.3387175416424617,2.5907028911283674,2.3731459557028085,1.8893049752429176,6.907122215874448,10.52120523635303,25.58240265596064
-0.47513456452099445,-0.4886022902973556,-0.7570541039184847,-0.6972938843330307,-0.7299173373162704,-1.7807004454707862,-1.4329980284129438,-0.2238446875181995,-1.750064877660019,-3.749496678119641,-8.924093419586542
-1.2693764392466884,0.5203098557937168,-1.9202674713388637,-0.01439003714583409,-2.23042917312483,-4.390089873960651,-4.832743055617538,0.4766328959130314,-5.4732500813353395,-12.134990689995533,-30.757682751509474
-1.31145532216805,0.3266450942361497,-1.6514890007348249,1.0187011965734154,-1.3618362758521023,-2.644331872175132,-3.0142597133067146,0.19316831957689207,-3.6972674153766034,-7.571412516856781,-18.692188650200542
-0.2786862142097725,-0.7790470699245855,-0.011854289673696616,-0.2069359271804616,0.20178477510715534,0.7480024221099114,0.008653866525757226,-0.020192348430718755,2.4062513912222574,1.7166403964929775,4.753929467986993
-0.7419565557662531,-1.1833440245214433,-2.0254197663076425,-2.355731071539738,-2.695223305285711,-4.332251594876834,-5.339460983141915,2.7231682706761893,-7.30773779672597,-14.584946115069283,-37.10742221791152
1.505666771182818,1.2506435354242182,1.4662866724484716,4.477023378997301,1.7932475621175175,3.6367586272310235,2.746095660890662,9.57905495917205,31.55253973016564,35.08323759099199,88.30195838858276
0.1174409016059362,0.7512330519607586,0.1262803201765939,1.7751833080348316,-0.5005161601311852,0.21976108634075647,-0.8804663858110597,1.5207315337182752,2.231370942492516,0.39202872712517556,0.8222610862959905
1.35338849008736,0.4953380526363114,2.614851263084949,0.8117678884750823,3.3432880656648147,5.048457198157246,6.617925136650588,1.3097488651114608,10.256572256603468,19.964635004162833,49.937233749142926
-0.20852226672700444,1.4034925221422458,0.5153113924503051,5.3246618477654675,0.7678731087307062,1.3609898739024082,1.3642573204895512,14.51795897744121,27.501903386262445,29.394066241294126,73.06370936928145
-0.3035379706017049,0.03580017220152748,0.05866500755425241,0.1328605050010643,0.2031908440516756,-0.2863243307951605,0.3608623088818545,0.8399730396554251,-0.11780472684487564,1.4436637802418208,4.150946241590153
-1.753836682572614,0.5132800192775432,-2.791641167632383,0.8450078695497127,-3.582376858739968,-5.811722124502784,-6.944102056699621,0.29032601697935007,-7.576958728012913,-18.42742850434837,-45.33213951718888
-0.2647714192924882,-0.30031859888493184,0.07635984078292862,-0.873305449830186,-0.14736392548257699,-0.7645302361546784,-1.0948471117958618,0.7211009046683189,0.19650387620543008,0.1399758100027957,-0.1947813008620557
-0.5513656686088476,0.7554109092031351,-1.3805445362612956,2.1907065465091087,-1.6802118290892247,-3.3199490038730235,-3.897453726530582,3.2203836196989526,-6.693811961747619,-12.672537203119854,-31.2372257313399
-0.335043041254201,0.6996299170470243,0.14922830843302826,2.179447677582354,0.8457796631488045,0.07335345886121358,1.4985326946423945,2.112814071236691,2.836484043371334,4.293808370841064,11.010581914887089
-0.17446475443403694,0.1826106142681126,-0.8108420556470419,0.4399465144453658,-1.1492450908565026,-1.7629344647179899,-1.9677206764598245,0.6136929835221581,-1.66942574072274,-3.9405672430339993,-10.184585034034008
-0.6358142079013432,-2.9464435513997125,-0.7068750314046741,-2.1328108949022253,-1.6080154491473322,-1.857686350862845,-3.3211872627068395,2.3823369930519895,-2.1032927594788315,-7.244564583863915,-17.833206267211903
0.16735097421853148,0.9077141421017355,-0.06339214570237334,1.0525847848270276,-0.04621372408573882,-0.6486939808309697,0.24311129699495643,-0.0675205877245797,-1.5318620571790211,-1.2170679356758098,-2.7315355633363865
-1.0021397275463642,-0.1349781483785065,-0.8111610269783746,-0.787494340715988,-1.3508830515221142,-2.596556112123393,-2.608484682445225,0.2502447132041429,-3.061722923138663,-7.5670969179063485,-19.50825266157647
-0.06589058425945266,-1.0287297152720907,-0.6744361099470879,-1.934619107294469,-0.9695470751089627,-1.7172235053011469,-1.471864089238879,0.26623503861794795,-2.863236798739797,-4.552472659804371,-11.507328357688039
1.5849450760545338,-0.998357343474698,2.6098782279760404,-2.4923490201772114,3.2803646942332474,6.578679003859289,5.145605039598834,2.5905213295032286,18.87871494115426,26.621458918544747,66.15760160848453
0.20909749604586864,-0.08203480877754811,-0.7176626929064037,0.20705155525384672,-0.6747840537061784,-1.774857834437631,-1.5679279751718864,0.5869858749620201,-2.232900437188974,-4.277813391548638,-11.254448432336883
1.2742584001408948,-0.3784564049122954,1.4475631871177963,-0.9697733751963573,1.8395832207682281,3.007525907389519,3.900161372366624,0.6856341439536922,5.260018785945444,10.979159806952032,27.78306048538703
-1.5393829988524772,1.1157315500469427,-2.7156909760457,2.908738666861798,-3.238285775289347,-6.62036206793678,-6.1452710535507435,5.136612022753694,-19.924633040257593,-29.591295168828943,-74.65836672405696
-0.016188956216059175,0.6077129082115045,-0.41988794620143216,1.0966926388242735,0.23027977033648495,0.2309733679414886,-0.6709658964166483,0.5892586352286849,1.1678188882491656,0.43335161534234307,1.0993208737399909
-0.3011548524036419,-0.8628995896661843,-0.3863749296004715,-2.543606950965775,-0.8342081241085813,-0.6210784715569052,-1.2702450528534568,3.222326731097308,1.9610949861753466,0.2866990890525869,0.23198746387876584
-0.5554532794000321,-0.9142463199117776,-1.1686465351319568,-1.545334066488288,-2.0420035171698094,-2.181987051999193,-3.634262344172017,1.4382385891518648,-2.275275269475955,-8.158260700812795,-21.056970162210146
0.7164757031263793,1.5637527465379015,0.6638774738008772,4.702934081280008,0.8168779647771318,0.9475035285148701,2.3769059974287696,10.878867467066568,17.895772649318417,21.70725231299696,54.29548966711061
0.939600141265435,-0.09377149192702951,0.6969858634488852,0.24526538954180144,0.5761475270463883,0.9804502871129805,0.7722860401709921,-0.3076406278211474,0.5122122069750077,2.0839225407386857,4.163021847699032
-0.5309827452076089,0.26255921163112694,-0.835425082069752,0.7032321255645179,-1.4144099285554463,-2.51984301703214,-2.175834255963076,0.13455916683516675,-2.9169872709242206,-6.426852149689182,-16.76262810151618
-1.6891250869751893,1.2818127740780514,-2.8309595572708384,3.620500197418263,-3.1732513846167616,-6.0936273685929825,-6.699923379653739,6.2659423252932465,-19.64531269094479,-30.085808475263267,-76.01331867407181
-0.8794076959737118,-1.3481571316626875,-1.095059132054159,-1.5664839944381186,-1.5807869166118191,-2.4711109900898123,-2.935203467934481,1.3340063238602646,-3.6892228555707054,-7.401042516506318,-18.393689798517023
1.0838187369558874,-0.14288079556998862,1.5053635200400504,-0.20994898010707927,2.2254479546179065,2.579638605616003,3.990439028447285,-0.5642002216545063,1.1794122562099267,7.436029994027481,19.58682213580978
-0.9600277035113984,0.8465104023808767,-1.2472392421458596,2.679191923475541,-1.2212882790238997,-1.9494792082188872,-2.9845501897277575,2.8662920668127425,-2.4634168405377865,-6.970203519648011,-17.84422329319945
0.8530053316311538,2.5018682074069125,1.04064409248778,7.749015473566851,0.9630956265976758,1.8425093109997734,2.7816385386573916,30.26222883560501,63.56352289324266,67.8528539357784,170.3792155063928
-2.4374460465026284,-0.1846283045351664,-3.728000982325,-0.6914916291926567,-5.01028252802249,-9.112875136645128,-10.399547252492285,0.5691572316569611,-12.381867217351125,-27.96052752340903,-69.48288393245024
0.19570783166756944,1.2896437973687274,0.4532565689759245,3.792918226491819,0.5771422980081057,1.9252483516934755,1.2795337887092966,7.950965730642366,18.85003282294549,20.553375334223457,51.25918504660278
0.640503106601699,1.389443380811321,2.154256520460097,3.1421104587392352,2.235467165208296,3.9574264146676925,5.173870555191915,5.489835612168885,21.244727842850182,29.66315652101685,73.78869085182056
-1.291511261246354,0.6627597753489862,-1.589388049554709,1.6699365734928173,-3.0700268894235094,-4.302952049951561,-5.8271187956942585,1.4850765171454336,-6.453700531486573,-15.375106626947684,-38.92879548974512
0.2915273866337841,1.1355366360254462,1.065478686842371,3.1420121484284573,1.6183243182217586,3.454696359751838,4.076273503807811,4.939797385208905,18.538872436895257,23.79433080044021,59.37733132036056
-0.11818437710194316,0.11606845905773355,0.022431948111725636,0.6555600745841085,0.4343372831294114,0.4028924825546929,0.5563780563579661,-0.11920324451395814,1.1115438104739466,1.5747229218524201,4.831887764433551
0.42735336823546693,0.992286244309728,0.32970284168083547,3.165908864964962,-0.19033139289211654,1.1184423253667648,0.013879241088001627,5.468732087486429,10.766885948537245,10.137968977101615,25.22001008182442
-0.5663823469101498,1.419786594335983,-1.1010110471226544,3.4338177123631404,-1.7152099132672984,-2.6065061571955193,-2.5254691285339232,5.706787611643504,-4.579788184287226,-9.216473726603322,-23.35171727765949
1.1487694099074737,0.15912755330679268,1.4722152042403607,0.4466586647573252,2.3946457304907476,2.8877773609409854,5.266382809456788,-0.5380114638446342,1.2829311162397448,9.302983870042336,24.154072895077732
-1.1533257534632748,0.6284670411837529,-2.050756606363799,1.8175139484945473,-2.532943528521464,-3.7126166138814476,-4.34552215974504,1.883643192774481,-6.721851619333411,-13.523125595166121,-34.427561982925646
0.29068625482375465,-0.6458363030435899,0.28068687410308163,-0.7584378085751854,0.16827317303174796,0.569818524472012,0.2806755037483517,0.6569964587629702,1.5766280217243467,1.8312715306753784,4.2872338798279985
1.336527166608365,0.08490796219112047,2.1785986743664703,-0.029925863396700947,2.3078956395091246,4.433370921078315,4.753446754466679,-0.5041741141767281,4.847957956749434,11.846239281701788,29.86996062918185
1.4626906126466388,-0.10941477275367792,2.0184306815526534,-1.3234457298282116,2.974847204481678,4.129081021386163,5.728322976211791,0.8615657636198671,8.290993168884594,15.84126680234559,40.401618531214254
-0.008648396553679638,0.03566831373046907,0.1172330564589526,-0.15881043835937475,0.41095386671178047,0.1516907896842266,0.99592437928053,-0.022342248322173373,0.38776865647961306,2.248066769783553,5.181409036584062
-1.1762097057437653,-0.5864950180332708,-0.7863667338121373,-0.97780541956644,-0.8506503969648693,-1.4822929397390134,-2.3398857703848015,0.00223849945686444,-1.8777664366317481,-5.076330623582736,-11.94160004693287
-0.5246850906920021,0.18702737995481553,0.17464351571313108,-0.09412526117500963,-0.3893634385872239,-1.067604710930374,-0.28724014120366453,-0.16818026387869922,-0.8782473132516,-1.3068759301733575,-3.7849593554401624
-0.06662427102599189,-3.0417435090800318,0.10974287618646411,-2.2174535322101865,-0.1661670288527909,-0.8299679560724593,1.02867915122037,1.9114195581368136,0.8658806124929743,2.106028818293807,5.15015038690669
-1.8163881195474383,0.4024159364207611,-3.0414259844216236,0.7688400287029978,-4.008105604821854,-6.606090026746277,-8.964441861951554,0.8253712551430428,-8.905624767738239,-22.559661253495495,-55.7285837465319
1.4203564954169903,1.255031389575225,2.2131386174899785,3.9120385900380232,2.7324291328906964,4.300421751187901,5.872341491279522,7.58132438799923,29.71633947208575,39.04059135746122,97.78850871953297
0.6094703756790525,0.604143662048861,0.8929098401750353,1.0914416356031884,0.9088982292465928,2.0621117678670355,1.8658495919831668,0.5189177617265176,3.0202218019733564,6.429601300287437,15.286961419975665
1.206214811052319,-1.4617375940580075,1.8944921576205156,-1.692399523909107,1.740352079507536,3.30040392736105,4.17995760026898,2.1472489937088755,11.10243781982814,16.934061897195566,42.003059059477394
0.9598375061702273,0.9648093120164691,2.19824479834103,1.7857037251959675,3.5586282593603444,5.147821120119196,6.095807316038595,1.6745794879770766,12.50440396183262,21.2114983310744,52.10841111226881
0.4093898277365412,-2.355730151160365,0.6730275782856139,-2.174616900529527,0.2566406588742913,0.9928922219349277,1.0132578149964548,2.1880742303554674,4.411550983519235,6.417265947846135,15.647858179767985
1.453185316337679,1.7072072838227035,1.895371717580534,4.736387544310499,2.8982713576935093,4.2338783864953795,5.311486236500046,11.027295892426709,40.67907173795999,48.88028679865295,122.64100605337946
0.17953920771185733,1.8698741855154344,0.7175035891582089,5.63125559984058,1.4309851634626645,1.8390120326076989,2.5570422890235687,15.910507429337203,35.18494870679789,39.42622825409814,99.18628135653493
-3.2202503247227794,2.0667881461963713,-4.264502667391215,6.541365454511343,-5.623597945890722,-8.848235720313294,-10.601408533250668,21.393568600979634,-81.62958240800823,-97.44072951220652,-243.83441222904787
-0.1904330932324473,0.5582477445945312,0.5218001626804537,1.3082043528283216,0.9794710210382678,1.6453585092435445,1.4460706034621769,0.4230453285985709,3.4786837512396986,5.124153648307188,12.736998754034664
0.06293163200313609,0.7918110728656216,0.4215033582024839,2.0665304492128187,0.43454955380101207,0.2102302900283507,1.6356790366133276,2.3204646555994044,4.70776750354062,6.7560142593617964,16.83272652828781
-0.21130168151712936,-0.6187729165661847,0.6911314592506498,-1.4196164757870056,1.2481814655297372,1.5744385783877268,2.0491487117845235,1.0049174521621675,3.722896824378369,6.813969720487389,18.01453914772784
0.25583341107811264,0.09744067860813771,0.8165165475867118,0.6884269955941824,0.6845565133030893,1.6886257856640685,2.11527982058564,0.9902537819157329,3.5261741944562033,7.404157681138957,18.438603127681244
0.11950865315550101,-0.16054778800906985,0.3383711599442274,0.30493068505314375,0.3747806397897972,0.9178979504278293,0.631948163341527,0.08739687120423859,2.2703259513683447,3.0197626714077286,7.721468167722909
1.4219186957410253,-1.3210071261306477,1.988576859077001,-2.5749269271656416,2.992286043701298,5.350746714110999,5.311979273001821,2.195047349526965,15.484334563964847,23.349914144816122,57.76031802199457
-0.5258291012202988,0.1157480649260295,-1.0420674905075777,-0.7333602011324296,-1.0829870624600508,-2.5234429723563454,-2.299416462473322,0.35856917357292917,-2.734090438744559,-5.928065774684244,-14.69355132102911
-0.4775557447153334,1.3366173074873686,-0.658362049579032,3.0228742811560787,-0.28517404253775613,-0.16107433939393778,-0.9237688785393785,4.551452158022814,4.09641238628426,2.1424306937343953,4.677403953878368
0.7800362122487028,0.21788616477098166,-0.1764024114285596,0.19266244371535118,0.5522808133022199,0.6458759966316724,0.07624574022379793,0.187951675288653,0.9388413096007138,0.8511067744449201,1.6646513765880728
0.23842510471300019,0.12346788638127079,0.8553371307215778,0.29246963199270304,1.295824827108659,1.5510747702197472,3.109978349212575,0.3232296016688914,2.502383068753814,7.132231712177445,17.791076134187676
-0.6871945753055211,0.39395746418104993,-1.0376367685616534,0.5690330903016232,-0.9484154785441828,-1.9338407061607639,-1.7433914322096769,0.2971655874599447,-2.0234686340267456,-5.333346758814449,-12.857510771319399
0.7123978703431938,-0.34266815436192904,0.7911621662141688,-0.26005843730446565,0.983350000112825,1.7582471352344455,2.4549819486760875,-0.3681565884440995,0.7895230476781525,5.808683007105831,13.46626577596413
-1.6316004819269037,0.9298765078651073,-2.253418366336247,1.944128519609116,-3.0562437234060544,-4.618980922384813,-5.601378599272099,1.7514542804181148,-7.630967007802641,-16.303929539374078,-40.58920001597792
-0.4806009088555152,-0.6219484805302113,-0.6560260466103071,-1.5184454783774886,-0.7140717806422978,-1.0835627666153391,-1.4171576716226943,1.7684638856063253,-0.33270068998644065,-2.73953888848013,-6.981997516382836
-0.580129225674813,0.1877602311759664,-0.9306722053209076,-0.09442993159630486,-2.2118050929274595,-3.521528984199661,-3.4577144513494744,-0.1615347706764829,-4.170959086176686,-9.242813746677125,-22.468725554194698
-0.4235646937987914,0.26806335662424036,-0.18004899766983345,-0.09256552962920539,-0.8394665243143058,-1.2201736311535272,-1.5855607610494098,0.2067988614150777,-2.218519497418395,-4.997522112817176,-12.851082673543722
0.6822814696472895,2.122847407829088,2.0447204939429637,6.554406421810973,2.4427152312899483,3.919934401647761,4.670833818957928,21.334308030723314,69.89220604580578,77.21160799700978,192.97486675949
-0.25289503453524964,-0.5720490775946647,-0.6948864196652056,-0.4184814251908109,-0.9804422092204454,-1.4279056082680417,-0.9215161061977885,0.1364590997489657,-1.6146717077018555,-3.652331699551687,-9.223735563234499
-1.238874290067967,-0.5297109020796211,-2.014967087216599,-1.4751817409334147,-2.4965644820725594,-3.448515109432291,-5.634614163813609,1.1244995892169507,-5.326698698259738,-13.15800934606525,-32.76173012815028
-0.4067401678396795,0.005355706808744575,0.012001340535233385,1.0214108421488497,0.19971541969588183,0.5689455204717283,0.01839234087518493,-0.036543924184481935,1.0658184851131762,0.7587756729630069,2.182036110936328
0.214662623009779,0.7415981785642568,-0.1600765695874775,1.5981857305372498,0.1031629901417073,-1.0874344241749891,0.5086869457877964,1.8154636445849257,-0.6428690347915494,-0.2701303748481501,-0.8166786598913557
1.3725161263786314,-0.0844747468546457,2.5018494477048443,0.39168264977097056,2.8780676812078627,4.995299225431351,5.146770259332337,-0.25186894629928785,5.288907020778462,13.130059347574093,33.35621566121902
-1.8537747027709823,0.45872410401192965,-1.9642682370688658,0.8994640562955427,-2.3528080638337032,-4.748565469477121,-4.574837336088268,0.6802186860801784,-6.338187597749469,-13.140680472696596,-32.738031060324644
-0.3825547647735318,-1.4218506212709263,-0.9952325378723192,-1.6777309760160288,-0.0695226296761482,-1.3485630788940945,-2.0860934420409496,0.7821229275635339,-1.348638882227795,-5.099997561746298,-13.042385139983807
-0.7044817314508083,0.9235144147320058,0.08952790094609586,2.6155079211225827,-0.014750862546205737,0.21964808588392631,0.2677537786785031,3.094988232986566,3.929217034805598,4.39879749320111,10.391679516008086
0.014308880163658751,-0.31340819491353145,0.4837675186613924,-0.42197503373985773,1.037240180539147,1.4604046416894192,2.099222464931874,-0.5213502257601663,0.5767885421412791,3.2279189398203068,7.833042770209454
0.16571936511808635,-0.463652577781969,0.8422096640216441,-0.41294846462623974,1.35656527225999,0.9949037522370912,3.0435571350794226,0.27415829509643364,1.5684348080410395,6.093683058593453,16.696420407208457
0.8885545306008557,0.06016438975348797,1.7422257046631986,0.3714538883088379,2.167023299856715,3.3338107457310384,5.3897983992157785,0.12245777515295479,5.03129403689811,13.637507420264287,34.81693629063739
-1.0885560712009426,-0.6270679302730497,-2.105053520026598,-0.6074456717615382,-3.051403262835478,-4.37246734089194,-5.883482086581581,-0.1571682225833607,-4.395930212729792,-13.246550107788892,-32.19524461310288
0.7440821099670518,2.6004490238471174,2.0217939676050074,8.815921683398962,3.1695156093745207,4.445124689881242,6.028283246960187,39.08650100884361,135.35060019325556,145.4549247914109,363.73383188733504
1.9108502235962728,-1.071912539595536,3.3233294596446994,-0.6919050744763335,3.3356641890688277,6.516269433416895,7.2952560910789135,0.08354407738143516,8.119963759541136,18.881129614615418,46.35684825056039
-0.10612930433789915,-0.5980863487616697,-0.8711949289699763,-1.1933536644968499,-1.5105854845165834,-1.3934205160341127,-2.072543175045765,0.6057247074915455,-1.4030913219944028,-3.981476640143574,-10.733264915478022
0.03540198586116789,-0.318802031474342,-0.1473283542010531,-0.9978217401248706,0.1851245326583389,-0.6302332300127139,0.09125696778534145,-0.09402197859172046,-0.5815067625425123,-0.3412030110319956,-1.1747539625343248
1.86254054685617,-1.397196882287491,2.856924175120993,-1.9962196292622991,2.935114557881133,4.871157368293952,6.355936959922131,2.0135536339733378,12.344242479735104,22.346535028670708,55.69991424835243
-0.4827694736029274,1.5466604882355504,-0.6018471223098751,4.2203082698717775,-0.8162046475472826,-1.4584033942774473,-1.6478184715845707,9.796581988392163,2.094766997882082,0.5180687536065858,1.0282407018441275
-0.17048977954129224,-1.0234661820502513,0.4143241281322281,-1.199353167776182,1.1054050455248028,1.4138261302981983,1.6896217556282285,0.07113295457772706,1.5429323354666125,4.7422652131130025,12.510052859998263
0.5688195357543253,1.1040296945918437,0.5444731136081752,3.471437442485058,1.0722815684501565,2.2030145042717586,1.67565332166566,5.84273989531388,15.87160262233158,17.97186402432436,44.73436782594267
1.067914537284292,-0.042775304312180046,2.2440225350017577,0.5992397484546484,2.65462229546431,5.6244461767000296,5.484146407406678,-0.4367046461121238,5.463627191083997,13.154148290187113,33.38675546988295
1.2878334748991138,0.5233395058474487,1.3936212525261642,1.456657651567324,2.3665312891969124,3.854690908021346,3.9666244306955143,0.020634993432065984,4.558220005297552,11.185672886394242,27.7240015663346
0.22557201657543485,0.43170243063034214,0.2461885012044243,1.2653190588465935,-0.5505290640595366,-0.06221915773040601,-0.6033229811461223,0.7600812085338519,0.9761144353392417,0.011831559929812316,0.21274403896793906
-0.4485803544166883,1.6382228761272672,0.042418732199309805,5.17538647364594,0.7874241078792898,0.37372527136315653,0.8689090046697341,13.89927915998473,17.355764822009544,18.233229409246732,44.99484764842366
0.1434664228519376,1.0301242804371546,0.8083054239088787,1.413837966130377,1.2049810388323436,2.4160647519513225,2.071046354804882,1.1952104789745897,4.894814493399483,7.9227013909533675,18.61431842133045
-0.7538230327256108,1.0114735169126141,-1.7529903930290045,3.4218005538623504,-1.975418034998204,-3.963825056660391,-4.5247876820781325,5.397634160214835,-9.59432504787598,-16.12446792666748,-40.524693512109195
-0.3291653522508148,-0.37786672707798674,-1.0318838463884132,-1.313551932561336,-1.4243383185835796,-2.230698132824232,-2.0912565371145337,0.3168697260951673,-4.154152953210496,-7.626633315566753,-18.881588610253512
-0.644127144819356,1.423228534432655,-0.8810574889686533,3.8532957544348903,-1.5399184692969041,-1.3069100931427435,-2.412819270824699,7.959580883499965,2.199991084554048,-1.8369410515462383,-4.502988403725771
1.2807163788819889,-0.16288008005083882,3.1401249478728905,-0.7098667886893446,3.389556469504226,6.343439012654324,7.36459904566804,0.9874017334821066,12.145981162047024,22.974210361532545,57.84293519791372
-0.5320033473060578,-1.236081297596319,-1.3030494498830647,-1.9942448544385658,-2.4981091738673546,-2.767326354306378,-4.802827895353951,2.7065591254782957,-4.018115046429592,-10.566896044331237,-25.81731442444714
1.3315156861883846,0.4488805634023696,1.813715323455672,1.6007114406115295,2.1040870105760217,3.760706372567283,4.548602534351562,0.43164692633246327,5.47181130587426,11.632744158315598,28.695623099685033
-0.5235149323038603,-1.1135626176307578,-1.2832616557611953,-2.508742637350121,-1.3283604790932952,-2.5064245460022128,-3.0670947033466116,3.616367737033756,-3.1102767548290036,-7.362511117541007,-18.14478312519729
-0.9994825431487575,-0.371053485829252,-0.7711354595608055,-1.2746260956670699,-1.513832028485484,-1.7488457966695778,-2.8868967978670055,0.8151397979711429,-2.2883727718332914,-7.031758099161216,-17.260738785812737
-0.7813745389363118,-1.4023367293879905,-1.4881174585239882,-1.3314180263467055,-2.200293253237207,-2.4493252775284784,-4.556367558441684,0.4384052982694629,-2.955716634163366,-9.122839137193214,-23.252766590094765
0.11642116300584077,-0.2865048571351452,1.1733979182903194,-0.8630188489485737,2.01411515613178,3.430694101993333,3.6421092514725752,-0.019381324342077733,4.087907968939754,9.79254257189327,23.83567728591515
0.09679437983922098,0.19546637953779158,0.36835124744964465,-0.655500880628715,0.07550697185863203,0.9804221912162624,0.2333807520468427,0.5255741658703552,1.1726255773078165,1.2667914912820006,3.2630139419037074
1.0481423879961067,-1.3345773247319441,1.9853323386053274,-1.6759101843783757,1.8088565736645579,3.9414319512686857,4.646520641644429,1.1081426359732545,8.68691664194738,15.76228854540457,38.70291128817347
-0.3646164578210888,-1.2177470482823747,0.010317953435014293,-1.4485722414149573,0.018835914813386798,0.4489119797062395,0.7748634369984634,1.1399744514530226,2.0591156754057995,2.181429547426619,6.461128748872295
1.859785566291932,1.2149610965442617,3.8577139890948313,3.5630933758530636,4.646595449588569,8.430420967538874,9.148147341577424,6.70647014084447,45.77039979046785,59.31967942312684,148.73418796829154
-0.7870449624794449,-0.4400251813422734,-1.5468039370611175,-0.6386302135023814,-2.7238402778494493,-3.967622376042848,-4.418394581780576,-0.25025832344950616,-4.2236509143704435,-11.088543711127222,-26.900091659941197
-0.4343143378273796,-0.034303856905008874,-0.06608970586840268,-0.04821160649777295,0.608984872867869,0.3486743559957155,-0.06212987357397115,0.20483434225836322,0.9314008250598734,0.6489659155229797,1.7742082742994243
-0.9439617975313038,-1.9781816121906006,-0.8938127138027848,-1.2195688672134026,-1.0874986824616537,-1.2027705938660858,-1.5379079554504587,1.1944739250305614,-0.47928755299313874,-3.037042117937775,-7.776625480264859
0.13311542293858553,2.2962725875078296,-0.1685991993113207,7.259691575920297,-0.590910767771803,-0.670724694089013,-1.0868968418248517,25.755297727120897,18.963148666468893,17.940455843765854,44.48572935884761
-0.6962157429781552,-0.2453967361945855,-1.0147269545251942,-0.28987402314847766,-1.0368556933776119,-2.5581302306810545,-2.6826554507493547,0.20967220694900562,-3.0902960664020704,-6.676851137414753,-16.7097317898357
-0.82523307739728,-0.4758313921858548,-1.1119638998770458,0.22525317134381473,-1.131248076625935,-2.0197124312786965,-3.021237755851307,-0.3136871697105063,-1.8516319646287012,-7.078330454500858,-17.054424696758414
-1.7343485162467083,0.35859697595662837,-2.5771355938519753,0.8140847301787051,-3.2499178234898793,-4.255604529881416,-7.1041302477154495,0.9122585360917977,-5.550250923801168,-16.26692268321414,-40.96044322065886
0.44525418720952353,-0.5130667973490651,0.5107166047258038,-1.0927199991406968,0.27610599771789807,0.8736853696567154,-0.02939362428131942,0.29709834103599464,1.3030965697065906,1.329420220454527,4.247351690544646
1.6111988237621346,-0.6677473069347812,2.1597923473757055,-0.9951273210489775,3.615063544327205,4.881598597403634,6.516753791533691,0.690857829966333,8.186255727278835,17.167519568782065,42.66062730875174
-0.2782450874173009,-0.7426638589415864,0.36985100576789126,-0.4425030467091199,0.7309756404741954,1.1549282598029835,0.642529335559787,-0.5897123241519735,0.28148362044778025,1.661836028195966,5.290088346150503
1.276872774568171,-0.055733453130445615,1.1727756617277394,0.5147112785589223,1.7291230490096683,2.4071227891744087,3.5482514961839655,-0.03271919228568654,2.891955855010739,7.647630071014375,20.089071233535027
-0.2563801128262103,-0.7890947156236376,0.5093366408809812,-1.1875166685367347,0.14946981284083033,0.2839762037185809,1.4450534201647907,0.5951242720571507,1.39327213198826,3.5167905618031705,8.204390195743159
-0.38551475362586346,0.1395678734769666,-0.8459874489595332,1.002865950563582,-1.2469996466315292,-1.7916829180884748,-2.1150093581195506,1.3654454062948644,-2.248471195440894,-5.596277846090743,-13.699148299613483
-0.44993490499417027,-0.026868729958339735,-0.8202978097480703,0.3015574376068789,-1.4439735561731801,-3.0593295709828006,-2.472007256068378,-0.26971002929094595,-4.06445442916971,-7.966739577688436,-20.675842466529225
-0.7796584481351277,-0.7236823391894897,-0.6932780686894902,-0.4056822960516916,-0.10012085706120721,-1.057124160994307,-0.8506510111702662,0.6122007650782464,-0.6976939984731201,-0.5969470101206615,-1.216427615550593
-0.6954791470155682,1.425903902372,-1.4059973923909406,3.9695784540975914,-1.8390567878217776,-2.5155382672040116,-2.74732605397931,8.528927503431433,-4.3587659494614845,-8.742977646261583,-22.33143595438997
0.6956173556176822,-0.9148707147942299,0.9511886902137957,-0.5819699672885624,1.2520611210912893,2.1869749639604668,1.7970711163533497,0.6399143615031928,3.7882734710572796,6.8359723586461465,17.118619434654
-1.5287222435079812,0.12041382039402834,-1.59624675875699,0.17461147385353876,-1.5863596276969385,-3.4504649265911076,-3.787653275843612,0.9381255126656093,-4.690613413790202,-9.919284439804663,-25.135544056445568
-0.6278640041839371,2.2074470501759036,-0.7724695245144946,7.315800844498314,-0.34693481871210863,-1.0270205574470823,-0.5148887460961244,27.04853765752798,14.568656997221492,14.062273162415751,35.17974433041408
-0.9291563634381899,0.22030184128094316,-1.2920235325389513,0.5748585739249605,-2.223238430201476,-3.016345405090411,-3.45636551681935,-0.8675097396016267,-2.6378585493689504,-7.461903846960479,-19.15609953706363
0.029777180390512095,0.08249780903837857,-0.25291752698081477,0.784258491758854,0.03878741581685757,-0.42380465517075194,-0.47701007233448545,0.6895062303387693,-0.43542780621165933,-1.28160733750899,-3.3499436696626375
0.24768063834859158,0.1680232863788572,0.8907962935860311,0.10572160999944641,1.0639660688879784,2.1220003672005086,1.6334005417851678,0.8827644249872109,4.946027732446582,7.306354876834784,17.89418419436022
-1.576805890548638,-1.0547645570278175,-2.954211408613081,-1.9215545953551223,-3.4870508003553797,-6.8594689858347655,-7.23169105152634,1.9234526651875046,-12.97655549232119,-24.111822461432567,-60.18835608406365
-1.7650466075974045,1.2784333062963178,-2.879603820889057,3.8297839805648484,-2.592573186814387,-5.213741970254039,-5.303993180644859,7.058569795672709,-17.788294256754085,-26.032232572461712,-65.40993063083214
-1.2457764656602608,1.515865750021322,-2.2027511230510353,4.9758204798127075,-2.82512192174988,-4.190598225301153,-5.170671510955622,12.707873191894729,-17.26168514442093,-24.30923713590122,-60.40028180751967
0.8993743422792715,1.8029772022063655,1.3551080425038944,5.8313132907336716,1.4666381935412582,2.905455510045009,3.4862019964315967,16.911333578627676,46.714975657667146,52.39696375327942,130.95937841496237
0.27165800137000873,1.7280579172057993,1.3730502060226355,4.91560581910142,1.6505613444303324,2.5575323519973154,3.4713034742296385,12.375902636988947,31.221574581034496,36.02925507680563,90.66923041778055
-0.3494540480819431,-1.555805764731636,-1.1932368307618373,-1.6328515009821956,-1.79290030057942,-2.8619814332243108,-3.8132282485894486,1.6375039864806014,-4.358239945624842,-10.333664091517013,-24.97207534843084
-0.7226957329450916,1.2518631508433267,-1.967684303861725,3.292967902547939,-2.1979150444444535,-3.65277631276038,-4.450903409568708,6.2015621439404836,-8.284590804388113,-14.413002843649261,-35.62921365740689
-1.1628436556876585,-0.4387370877650636,-2.2915475258379874,-0.5815875214240653,-3.215557470497748,-5.377614184902741,-6.197452584705859,0.2060433480505719,-6.988301314925133,-17.162140495998862,-43.10830061593026
0.19221029563608907,-1.9034408487539733,-0.14341946161636998,-1.7272785018543688,0.8015554523385585,0.5753556420699656,0.5356321998413771,1.1019349986782319,1.3889209478901954,1.9056635200843681,4.489431988817036
0.8841325982434198,0.43132768684633743,0.8367416347188931,1.2497027380488979,0.7515040834726179,1.4656868755737817,1.3033825005372335,-0.6263670393662022,0.30186675775847266,2.236673562047162,5.497411559691909
0.8153832399613846,-0.5030065676156629,1.9320242677072654,-1.0590207183614555,2.909827451823851,4.222629291745371,5.45007397040856,1.0068306716043693,8.297290197635956,16.292303988749378,40.35335447609193
1.236574206945268,-0.38176917549456174,1.837715092227464,-0.33662865700999883,2.023676284865224,3.94781970882435,4.736873853022464,0.33452817579283434,5.80921826517289,13.285535008455907,32.7981401530421
0.33431056555941097,-1.1192719837322889,0.598250456784573,-1.6402711168025523,0.19752018753110356,1.2748014385262387,0.9748025260940005,2.0069599501389694,4.9702812550814945,7.1976961313830214,18.04082065783908
-0.09656568683589477,-1.4062001015728978,-0.9650689825952095,-1.9767656293374676,-0.9131603682253433,-1.9961275785346544,-1.9699956202863516,1.7704922236336122,-2.735912201497164,-6.063649041857285,-14.877704642127332
-1.6118345424297513,0.38153446559550824,-2.441158004554353,1.1097355000148528,-2.908982505037689,-5.1558105099258915,-5.485159582516898,1.53992045246365,-8.741503131316371,-16.94367682481903,-42.813082622772086
2.3837862500645794,-2.1552500928947365,4.02967793981109,-1.6188624054786047,5.31362276047593,8.218315276572403,10.537494206001755,1.2785659906966653,16.780386893675626,32.83779309387787,80.96231865379578
-0.6142563570416072,-0.10728170486136965,-0.5046110312064147,0.7770344994962719,0.28021834748381025,-1.022137380152253,-0.4612983942977784,0.5165232647553218,-1.39486676779085,-2.3904093665535004,-5.913069280282188
-0.8453304108712989,-0.5809433811326887,-1.4679819253969888,-1.112817135953823,-2.0647656565693797,-3.592596570968519,-3.5195536088747277,0.6758533878406847,-5.341441194955431,-10.772758155339362,-27.180355432971076
-0.3954507613652206,1.5328761227287129,-0.3347580291392188,3.91316001321681,-0.5641564728135633,-0.3446119139278266,-1.666074773141165,7.289131531302987,7.1595368906184085,3.5246913944220455,9.530998596183691
0.07396647575346377,1.4412720210943435,0.7975698435969488,3.4407782071229343,0.5483626666434642,1.241110624623217,1.0338119823930088,5.728115370231856,12.030374999882856,13.728452409622152,34.783013856460784
1.2203505568852733,0.07464966321692593,1.7689244917135547,0.021406044337498348,2.8482724209357073,4.527887860877214,5.396144642689625,-0.08415816976600268,5.396507928455408,14.051254624399489,34.98416144239461
0.014711447009724017,-0.5475691304040359,-0.5218332715849542,-0.7294049834298902,-0.32335746009494004,-1.1930255824053808,-0.6245332441417826,0.7597754635384865,-1.5964683610532209,-2.296393040546783,-6.199906624938553
1.2678833110778656,-1.3437051953145063,2.2002323861716535,-1.7179567183085067,1.8065964177843021,3.7789842363528763,4.885092417112265,0.2617077736447768,5.491036656269598,13.025871896991454,32.70100223732321
-0.715243636739298,0.816277217055221,-0.8916730149015216,1.9714165070942518,-1.46585891912581,-2.490090682402019,-2.2769212035242967,2.7958264324815425,-3.6426687151716797,-7.424114503183927,-18.93785421223999
-0.6283600189780182,-0.19484836892328752,-0.856411980781643,-0.6002456832264585,-0.35736739678910723,-2.389547335923276,-1.2211354834074128,0.24999276383564353,-2.094563212927828,-4.061682740257381,-9.848579329480097
-0.6168284524510871,0.16042018388638415,-1.3599754021332107,-0.2690733785353601,-1.87833375623851,-2.7631296155185585,-3.489252384319478,-0.39888511827541323,-3.628117383350265,-9.247133999510998,-22.032627929587722
-0.9409772688971005,-2.1487650859384435,-1.2927188301457775,-1.6156179817474337,-1.9900182407124258,-2.6029888077213466,-3.9816846068033915,1.5786827558802257,-4.3550628755309315,-9.529686654215691,-23.15300788286132
-0.047137265832611956,0.9907602288945743,-0.47127310068361894,2.7674825258070856,0.1704358010805711,-0.32107741508235743,-0.2601051686479909,4.982822672882852,3.308973308973203,3.3546060393430044,7.83962350504423
-0.9049559899534423,-1.6439570796177427,-1.28486617550392,-2.67938043049324,-0.8112195992816053,-2.1340173819304944,-3.011764231752196,4.126406189154989,-2.7436286856812258,-7.792719966267064,-19.29361252799813
0.5968117411678219,-0.2515003865625218,0.2996465826242086,-0.9571684612041271,0.11622196600451451,-0.14619567914374954,1.1767839598344239,0.40534950537317005,1.2998845635300509,2.9720653731981344,7.984941436420494
0.19329195107992175,-0.549496448055971,-0.45309774174912765,-0.541837229607614,-1.0661967561811871,-0.08758527346375455,-1.7866186039440735,-0.6951166931916508,0.008908772055113312,-2.129650494940395,-5.384084940458257
0.519569127522709,-0.9519573364682796,0.2795496979681781,-1.506332464915759,0.2618588240850074,0.8308202166444657,0.20391617131616357,0.8624951680954449,2.023662945153212,2.8344585549887142,7.33009099900267
-1.3958512430026335,-0.27979240691227647,-2.043078537169048,-0.6089183844821762,-2.956145239763555,-5.24442670860381,-6.2075354839809425,-0.18964136979912483,-6.540676229023855,-15.968737302488746,-40.27370464505213
-1.8906290505381225,-1.1104750825582121,-2.6907454114989475,-1.1397453325559481,-2.3331142537066905,-4.238911017597436,-5.297795700154929,0.9818988464183485,-6.303262778105998,-14.001826801842439,-35.353898760767684
0.8517121654191797,0.21853649108952064,1.2625913729985023,0.3170954793381683,1.6919201072898304,2.90210088938455,3.256846583263979,0.34888550296163223,4.540592580210882,9.304678884582062,23.495229215893623
-0.9989129483949868,-0.3222251500752538,-0.9763325637975665,-0.26784053899206556,-0.5800171354251329,-1.8884349833843022,-1.805121513384109,0.18468127157409453,-2.1359392747187944,-4.923031471414774,-11.844654078507554
-0.6528940138773492,0.959117449076569,-0.7289768707600717,2.60698173189668,-0.9717171869834724,-2.137822856539684,-1.5415810527696685,4.130050457178077,-1.946099885716353,-4.326062216928717,-10.26210248079711
0.5198364914727556,1.544260416517385,0.5481948001413234,4.539713345513323,1.1635052953236462,1.4827360224317607,2.417227806316934,10.160991989371997,19.82759668665265,22.999499803394265,57.90194393408873
-1.648243681701732,0.4704498792833646,-1.3936745837114617,0.49026295314889246,-1.3571001280052932,-2.4512031423296325,-2.38714619346446,0.028883701974689716,-3.0636894295807133,-6.063363467014967,-15.636932896356553
-0.12142044737575819,-1.0044110772293016,-0.5061879914721693,-1.7692205212966903,-0.3585136694890695,0.04874649360432082,0.19541022219189141,1.5745193152935637,2.0421754477906404,2.7321576925789532,7.423552555243324
0.49586564766424773,-0.18485063995461812,0.48784691355214305,-0.2157271058847505,0.6685517658875051,2.5449283874196222,1.7005498730550954,-0.9143927513614742,0.8920049853311754,3.799405279004987,8.710637071781296
-2.12118810626482,-1.7869346604207643,-3.3894435123902342,-2.555418809799817,-4.4720584478783785,-8.059323520978541,-8.917096481848297,2.7057355426475227,-17.22609686985279,-29.970441678029918,-75.15029041690715
1.5775296927423321,-1.2108545623050444,2.2626886524896137,-1.4220283069614972,3.613261966521434,5.590208157230824,7.206542260159965,0.9442594107196178,10.667095392089623,21.874356728544466,55.571279943338084
-0.275348735170193,-1.290749402960885,-0.5928644103575947,-1.2535693990269436,-1.1001136060692884,-2.0541736399111423,-1.6620223467785056,0.16639014939530505,-1.9717364455433601,-4.244196306256114,-10.088584718389136
-0.5941044016097976,-0.24394735005212279,-2.1146146970837876,-0.9836034040180341,-3.0004261970110773,-3.868529243403514,-4.946471423569579,-0.2571760778078866,-5.8211176084333935,-13.657947612445474,-34.646987556639914
-0.25669728557097726,0.6938670965086182,-1.2229014656910593,0.622446539059772,-1.4539706946972513,-2.9250587435976216,-3.7730935633115266,0.09790863822194672,-2.314526493995628,-7.686455150669004,-19.076337902948666
-0.7156277087056627,-0.43943087653542534,-1.1151028631557418,-0.9527576914989692,-0.7932018852231177,-1.6434346292910789,-1.9697898935623461,-0.5322563403916877,-2.3882237504438457,-5.338520273399245,-12.61053518132465
0.6596485837197874,-0.15907844585862085,1.6221708986570635,-0.6978619002442137,2.7293820393093777,4.030321986181697,4.872972590848874,0.3458749609166306,5.94805686655258,12.56116433881294,31.040772759674525
-1.0189670495485674,0.9488670024270877,-1.7777871506944067,2.7389444636490503,-1.6025268105251271,-3.6576592405542936,-3.544507938545694,4.228596942854771,-6.78972156967203,-12.55170290443812,-31.359455201890526
1.7464524438397748,-0.12431811283763412,1.907491507672765,-0.1437812708898603,2.421597843170307,4.179910494339826,4.908742880934438,0.042421413248526545,5.329551340606727,13.208882068921765,33.16606376830003
0.159855798017868,1.0867619628237355,0.11699444672736228,2.239137454308855,-0.4457713690228706,-0.09139708774427752,-0.7591142799824097,2.2117270878137925,1.90157058447624,1.9034281097618215,4.706661348287248
0.6018922158150051,-0.41844812609587456,0.9618327704934129,-1.4714569655233398,1.3362807963406658,1.3590490696125226,2.0011054196455156,1.7372281263698197,5.202271856093089,8.464835237281417,20.282379099291308
-0.10765418043865424,-0.37255030141735973,-0.16516241679470126,-1.0027497125295262,0.2961522159878656,-0.04482622604325129,-0.2837872072781864,0.39312035061138834,0.4921378958770248,-0.35097639626708527,-1.4894664308626666
-1.5805167939275282,0.22334981205182683,-2.3043881212813178,1.440378558322184,-3.1130582912995393,-5.528737814020264,-5.882105708950283,0.5463729511093065,-7.403788724526229,-16.437784413008455,-41.426042522016324
0.4748149279920001,0.33570455044852804,0.451603240433664,0.6402708674224902,0.7834381154814449,1.7442569706946438,1.3700895337200083,0.15974776795899823,2.897355528936724,4.783620145735762,12.886388441048883
0.3313813406840093,0.1863065101807614,0.9017392144584393,-0.20277075430405178,1.2924753657906312,2.334485940789118,2.084728556305176,-0.3070358128788479,2.4596879396569222,5.413614696949974,13.134350233348178
0.02029532881776772,1.7674173616078288,0.5077754671942772,4.521197429215468,0.779215755889978,0.420549409627445,1.1511589830339575,10.238659033080717,13.930046929488284,15.212100550284994,37.99844880622238
1.5346220205015593,1.1347709084883313,2.4616192201980778,2.4651082454960633,2.1864694331392194,4.59094507517569,5.311530940828508,2.7977382113159437,14.859134956862242,22.784287286476648,56.229893940077275
0.6332423125576007,0.20067103390032084,1.092155783232311,1.779536947179736,2.1058122169871725,2.406471344417653,3.8919630444835294,1.0090957053622551,5.673751249870191,12.261686770572346,30.787612967287103
-0.5912459764326657,-1.0224101970150024,-1.6397659373690527,-1.6877765605150108,-2.176310011516828,-4.072682339712492,-3.697666452214186,1.5689598526046191,-5.1455807946680014,-11.007129028057411,-27.387167467011665
0.101612313761864,-0.4541814374861529,1.0142032669222953,-0.6710718498280331,0.7697539086420546,1.5334744391187771,1.4021320979731309,0.23506440634275774,2.0340366770542633,4.0056832513369365,9.601935580307167
-0.4978388174078976,-1.9634064770291595,-0.4229849465009142,-3.0551568646503653,-0.20577172446607034,-0.899778902263382,-0.4747203163241286,3.999889769571271,1.0465121770453758,0.16389521005741936,0.5466925493963335
0.16671909054958692,1.1091968349148613,1.1068541155540144,3.0525256967091323,2.28811032727472,2.081164761842775,3.356301358731285,4.140587828480373,11.37499100702589,17.598002721196806,43.876759814739735
0.705884898717812,0.5747473151927073,1.6606267681332283,1.4960682683939575,2.099519127721071,3.712601146354544,3.8651253470481843,1.7247062173165366,9.221248329877067,15.058170765165121,37.42183532262255
0.3378663177338035,-0.27461828216914974,0.9318168001992966,-0.5128153404386734,1.6829187789125633,2.2041086448872007,3.7517266219166983,-0.7367779312144751,0.9770117568851512,6.568597250749663,16.045873712680525
0.7772437176804178,1.5984692566863532,2.1452462261681564,5.154316711687521,1.8004938783695519,3.3888305836861283,4.5570488237867055,13.270643414757595,41.40834459015571,48.49059022459313,122.07432274575736
1.4064504125087876,-0.6176318189614964,2.2808901445664937,-1.4419842052835152,2.787917125251777,4.6122208460109295,4.369845577585695,1.1046770021659973,9.310447587921953,15.898343456554507,39.53913188951425
-1.2803529641838094,0.126805116433778,-1.3198497563300724,0.20110638159179503,-1.846094160192649,-2.771181036488456,-3.331404574929502,-0.4387933056698813,-2.9421644103335876,-8.393477651261577,-21.487017040589297
0.7638029583261499,-0.01163743279613545,1.7487133527789172,0.03726780769304504,1.9039297601483423,3.4307781531290145,3.340764151108208,-0.8786876434771852,1.7182749659303629,6.237425358747741,15.9947859588259
2.1622778975031283,0.45463171221983395,3.227518565058859,0.6657102213074253,4.015847595274263,5.577170872744634,8.489037796907889,0.12918420046970702,7.2969965414075135,20.07690780782107,49.887501508568924
-0.11769844225409132,-0.5689000478880043,-0.0034324808219500513,-0.7529330607770246,0.005552172677200323,0.6247647461772382,0.15865683860293142,-0.6220796371139901,-0.5849389449454987,-1.0204118513115503,-2.373869135340774
0.36324702862308217,-0.5933575794085749,0.9401133743935648,-1.1543201002810348,1.500234126741953,2.3047453006678182,2.527305641571922,-0.5984204995533318,1.0726986149972273,4.564411546668919,11.15401951773796
0.7354468951553059,-0.2736257106337144,0.7672686446990435,-1.8193508088790282,0.699771367009233,1.788297417315511,1.5729124382328536,1.83150887012182,6.379715938342105,8.858582965121572,22.228964205308145
0.15733770752530393,0.03192962315915858,1.1415857898556556,0.7676368922654029,1.6895138387190607,3.03439142481097,2.2028088924361464,0.7930012023493337,6.049890315669641,8.942469058192769,23.005386793270876
0.4152020879782089,-0.30776331929280704,0.8567738696813137,0.19282306398193227,0.7830177723065741,1.4754158167386657,1.3543803963490046,-0.28407865952739075,1.2741867572529775,3.5835489004676253,9.122197858541515
-1.1218584975161774,-0.8543252460635676,-0.9172031074160216,-1.634742494935534,-1.5462206138156798,-1.9394044752628947,-3.2876580086318787,1.5382328503975047,-1.9667055826885216,-7.549371308060409,-18.05281456276841
-0.11150661211506441,2.016909906156036,0.031729635122039246,6.285304799189032,0.9554301434246188,0.7081669657745004,1.7722204760904372,20.31697771023715,30.354592329055603,32.71049126934946,81.58147902256934
0.1668970883526685,-0.48947617066720533,0.2953630327771673,-0.7371593173537275,1.088938003388111,0.7802370893000844,2.2431389068880123,0.5650707458436445,2.0284875725445866,6.298109682534346,15.41974881078893
1.1968692216587262,1.834747731492732,2.141513488997819,5.246417697931567,1.5038562184464688,3.7141940716012187,4.51016171311378,13.890392816917657,45.465827184962066,51.96144481013644,129.93271849410755
-0.8742797442081963,-0.44188452471948453,-1.4798328286797136,-0.9603485850413512,-1.9317808734881707,-2.1382884923034675,-3.982448522020564,-0.036288692899150043,-2.018046787684404,-7.822161160879737,-18.916714135062325
-0.10754089322764164,0.5533560018412063,0.20403909430654987,0.7956798137025181,0.5161556547934663,0.31056803891344104,0.4462495119022621,0.49843849749381614,0.20940281520474158,1.4197165144887123,3.4198437017338597
1.8071436289671834,-0.5726397720551414,3.0038843667590043,-1.3709159579409342,4.311764760639382,6.592861005570038,8.36088547317922,0.6723110989536834,11.940448565777428,23.748487627433565,59.23095238779787
1.0547591656717983,-0.17438112251441867,2.105491741192533,-0.471517499440656,2.5107511851910065,4.390924377141246,5.375924988693845,0.13632144174880853,6.136996535191594,14.403948496396842,35.676880890780076
-0.8493912665264223,0.8215380043119278,-1.6711804390002745,1.809862434894988,-1.994689812995345,-3.09427227137653,-4.930083057159056,2.4825824223448207,-4.033065149420035,-11.153432540794778,-28.502386672523645
0.5316716534800501,2.2760224450019546,0.9740769292838267,7.276239706364423,1.4134387175279814,1.6622803189971003,2.7518038651455274,26.884366212708418,53.77298865097034,58.57273150395362,146.5434685400935
-1.0949556241274223,-0.8293294736352338,-0.898000447664341,-1.5458370688548346,-0.9797755404312778,-2.7407079822097677,-2.053900211972099,2.35519609855689,-4.499515413938911,-7.416827756965667,-18.755991508649313
0.3719431275782308,0.6449551396177569,0.14276259889200205,0.36198790872326136,0.6192285067604049,0.8850331118840766,0.9242007664004486,-0.21933718993030318,0.2972995563345629,1.520382074059629,3.7510810797618426
-1.235394861524914,-0.92211849829927,-1.5942692831419842,-1.04057213240459,-1.828398580309931,-2.805393846167518,-4.257842276971686,0.5677942651032324,-4.40839222567131,-10.313431891998947,-25.017420266621695
-0.05421766558169097,-1.3967186960803553,-0.41935816069236204,-1.6553154251442566,-0.9769961997553565,-1.7915367129365714,-0.8882582488570314,0.9829408775558204,-2.147921104856806,-2.896843650335089,-7.377596724842128
-0.7812125132848057,-0.9573336990910275,-1.4245381288515149,-1.7253188429246809,-1.091359780514106,-2.9244483682266247,-2.954784105329139,1.1056340850785193,-3.0348755995958574,-7.260020501103635,-17.883266188608168
0.7273291351963301,-0.660361881213122,1.6503439582956858,-1.6754324884945275,1.2883350385701156,2.792683855842549,3.353596353113267,1.118681249706281,6.1011247357338645,11.428047060043118,28.202167118593845
0.3200095347854069,1.0941691656703565,0.4116293996490804,2.5616529703546047,0.7109509295479071,0.8498779548132898,1.032745425193192,2.9597892845564564,5.436026031919731,6.585705194510019,15.897382353891404
0.13466281793888954,-0.482726639415299,0.325257946083725,-1.0666436674906052,-0.46189136982904444,0.2757947165405683,0.35030869303269807,0.20803446369507583,0.5443913293552476,0.3091545865601525,0.2760812780013298
-0.7847661183017554,-0.07526223461890154,-1.1764355377708369,-0.031225608655063936,-1.0937143488424552,-1.7819139423730206,-2.8093696009966793,-0.0024278062347334664,-1.3597580133746796,-5.602488707227919,-14.968887222327222
0.7139964153286954,-0.609678344948888,0.36078559923862086,-0.6238525741146315,0.7969003369115168,1.740632068890064,1.6069398384188407,0.5439182403633206,3.9623437594565964,7.00800301176854,17.063732349957082
-0.24336966167283394,-1.623778737513161,0.46545068736700934,-2.1445080112523147,0.19074912800789878,0.5260830385595172,1.3862849535272561,2.3207206863626215,3.201908332384501,4.988782748195952,12.436193921705902
-0.4907080690612545,1.1225237316113772,-1.1035376211563503,3.010807751345847,-1.324246240018648,-1.9798167385499699,-3.030334915152986,4.999760806189164,-1.9793001978333395,-6.38664805520113,-16.176088143787265
-1.7103126962437765,-1.3013106782758046,-2.6755242264637524,-2.1312473345711904,-3.3446174112427967,-6.246091073438881,-6.188602890635751,2.1209678299911934,-12.003275450966393,-20.647421700779876,-52.274358340052615
0.6915346666148231,1.4409519684852292,1.3885369011584976,3.628543121400963,0.6786982144184371,2.1411297376791536,2.8458812519882515,7.250669639057509,18.56851492469963,23.040711729037813,57.58005772391498
0.38080086836180166,1.820759322082723,0.6786038646428055,5.554691662650398,1.0538703934934346,1.3616981061112414,2.5742098157191857,15.53300912057023,29.92219604336478,33.72618827396817,83.4719584148097
1.1775142405779788,-1.017640087282782,1.7783451063424904,-2.129203415176965,2.8151590101699133,4.678051343655885,5.095819008982643,2.3544977502171216,14.079470584282532,21.688667519423646,55.028155571165065
0.4221687043247479,-1.5474517432843964,0.39735704074793765,-1.8721914823038945,0.698432859760663,-0.5478008260149207,1.3043899252589648,2.1012989693184436,1.0862347057070838,2.7537714507920046,7.3113854007466
-1.445753662655178,-0.9937099022313184,-1.878648297613702,-1.9462684172607727,-2.7307082687227306,-4.566545709314494,-4.874529298434329,2.203898573055258,-7.69068667744199,-14.803708982880204,-37.305786735960474
-1.3131775486319675,-0.24162616884797522,-2.1108453958175133,0.5599966701887431,-2.321954634025603,-4.304578817451168,-5.615105614079315,1.4510291384064076,-6.830833727960829,-15.105722681337868,-37.34557950608466
-1.2391179704080175,-0.616520977024183,-1.9253331401847005,-1.1930926828168262,-2.835796205111805,-4.450148421184682,-4.563230058243109,0.3195866319285589,-5.8736653810956865,-13.10895257041504,-33.00394027294019
0.6757987272218856,-1.0052934465983085,1.5295142234406185,-1.0932834231713906,1.8660776682705624,3.6469918025454,4.156044716335587,0.5598671671337151,5.833689417242866,11.864115806457676,29.620133285400033
0.19188843935720648,-0.7685612451361286,0.16135114731887937,-1.5519606290479924,0.7546919791463599,0.8565147341649231,1.0741138736625278,1.0652526923481875,2.693346256842958,4.65090783758889,11.590095759289227
-0.3412510093513841,0.0336727064875438,0.174350086741615,-0.375043865575902,0.434817810792787,-0.3195525701110704,0.5691656905110097,-0.39700066586045324,-0.8275026426151574,0.05882908080943276,-0.0623247644152915
0.5674144529105679,0.3599640294846763,1.4626201780660346,0.6372071953323721,2.2445985281706786,3.9333159832032147,4.033387133684487,-0.20081907003547209,3.490577498671588,8.916567250946112,21.12758466685522
-1.281862511698691,0.43583777478611446,-1.4611435137508526,1.4906290073418846,-2.02693846290454,-2.9799524383127456,-4.778568187964196,1.3894523982690812,-3.752243794152041,-11.083133089717055,-27.712207666502234
-1.4832198491475044,1.1281520133929008,-2.389575733465488,2.467679150381348,-2.885105564793904,-5.193558929697726,-6.268953720713634,3.496745412775976,-11.627647015994498,-20.860149092885074,-52.59229172337893
-0.06716835013698876,0.21323399642964175,0.1510209672862096,-0.25356898631067326,-0.07271055172958776,0.7262670773846616,1.3794881001708421,1.0811272013987512,2.4822178486345403,5.182710298976185,12.29712915690317
-0.1724979415540166,1.0530433703578543,-0.49402300832425083,1.5702691740140735,-0.2403279263730853,-1.2162548273567397,-0.8275763085287201,1.4101022485938068,-1.5401556428059489,-3.4789014353887846,-8.290588010124559
-1.6929210063230378,0.4470127814515907,-2.9308719815168347,1.1294529221842393,-2.8031943905586187,-5.617985477432776,-5.806966654266969,0.7437800252919265,-8.277180938975171,-17.022155677697114,-43.19982445671582
-1.2616310202362546,2.087931938397144,-2.00271801592489,6.256757512141673,-2.0260654567929963,-5.062605691015553,-4.147550539816234,19.980416041659858,-34.58931788398024,-40.61372008864252,-100.80434607004645
-0.270286987350493,1.258681922439154,-0.1446936661168574,2.964496123839208,0.25827547891116137,0.47020885670736473,0.48340574728671626,4.108853375515243,5.041565438878401,6.035575831690053,14.562437195613214
-0.33007119006827895,-2.352197705969542,-0.9977758927348308,-2.270036834877944,-0.6879866345733285,-1.934733962835553,-1.9644564698332483,2.545212038236676,-2.421148983038129,-5.632675722956327,-14.476968183493614
0.27537520790034725,-0.5388274517306277,1.0271154140352075,-1.0701370112913144,1.4885101016518067,3.258164855290623,3.0572259163808297,0.716340664968706,5.335550196176434,9.762485019435786,24.523953985656277
-0.1983984499933958,1.3654045733525007,-0.8670805971659789,3.7218518556625884,-0.6864921547500373,-1.2573423526541536,-1.4158898514062617,6.008461443992876,1.9193301593753753,-0.10068377556466407,-0.7128963122144536
-1.7127531559959424,-1.3670559925461396,-2.0183511869036064,-1.950938145788767,-1.5113080886310009,-3.0787830411994666,-3.881808296489089,1.7572449666560095,-4.55991804785887,-9.8419903386871,-24.539100027576524
